codigo_x,prediction,actual,,,
7909,1,1,TP,-,
7914,1,1,TP,-,
6083,1,1,TP,-,
7168,1,1,TP,-,
4647,0,0,TP,-,
6839,1,1,TP,-,
7392,1,0,FP,FN,
6832,1,1,TP,-,
8042,1,1,TP,-,
7786,1,1,TP,-,
7876,0,0,TP,-,
7738,0,0,TP,-,
5447,1,1,TP,-,
3676,1,1,TP,-,
3525,1,1,TP,-,
6083,1,1,TP,-,
6203,1,1,TP,-,
7584,0,0,TP,-,
7812,0,0,TP,-,
7620,0,0,TP,-,
4366,1,1,TP,-,
6766,1,1,TP,-,
7536,1,1,TP,-,
8158,0,0,TP,-,
4832,1,1,TP,-,
7573,0,0,TP,-,
7280,1,0,FP,FN,
2112,1,1,TP,-,
8048,1,1,TP,-,
7338,1,1,TP,-,
7542,1,1,TP,-,
7462,1,0,FP,FN,
7801,1,1,TP,-,
7583,0,0,TP,-,
4385,1,1,TP,-,
849,1,1,TP,-,
7741,1,0,FP,FN,
7298,1,1,TP,-,
7854,1,0,FP,FN,
4385,1,1,TP,-,
5677,1,1,TP,-,
4314,1,1,TP,-,
8061,1,0,FP,FN,
8023,0,1,FP,-,
7239,0,0,TP,-,
236,1,0,FP,FN,
7057,1,0,FP,FN,
7801,1,0,FP,FN,
7298,1,1,TP,-,
8027,0,0,TP,-,
5412,1,1,TP,-,
7457,1,0,FP,FN,
6690,1,1,TP,-,
6958,1,0,FP,FN,
854,1,1,TP,-,
7775,1,0,FP,FN,
7592,0,0,TP,-,
7607,1,0,FP,FN,
7989,1,1,TP,-,
8036,1,1,TP,-,
3676,1,1,TP,-,
7717,1,1,TP,-,
5965,1,1,TP,-,
7545,1,1,TP,-,
4958,1,1,TP,-,
7484,1,0,FP,FN,
4366,1,0,FP,FN,
6849,1,0,FP,FN,
4514,1,1,TP,-,
7788,1,0,FP,FN,
7979,0,0,TP,-,
7800,1,1,TP,-,
449,1,1,TP,-,
7515,1,0,FP,FN,
2112,1,0,FP,FN,
7632,1,1,TP,-,
449,1,1,TP,-,
5181,1,1,TP,-,
7259,1,1,TP,-,
7776,1,1,TP,-,
7259,1,1,TP,-,
6839,1,1,TP,-,
3326,1,1,TP,-,
2522,1,1,TP,-,
2522,1,1,TP,-,
7965,0,0,TP,-,
7708,1,1,TP,-,
6582,1,1,TP,-,
6682,1,1,TP,-,
7905,0,0,TP,-,
7057,1,1,TP,-,
7212,0,0,TP,-,
2897,1,1,TP,-,
7708,1,1,TP,-,
7600,0,0,TP,-,
5704,1,1,TP,-,
236,1,1,TP,-,
7600,0,0,TP,-,
1123,1,1,TP,-,
5412,1,1,TP,-,
5232,1,1,TP,-,
7571,0,0,TP,-,
7681,1,0,FP,FN,
7633,1,1,TP,-,
1424,1,1,TP,-,
6205,1,1,TP,-,
7080,1,1,TP,-,
3525,1,1,TP,-,
5181,1,1,TP,-,
442,0,1,FP,-,
7632,1,1,TP,-,
7515,1,0,FP,FN,
1419,1,1,TP,-,
4137,1,1,TP,-,
7707,0,0,TP,-,
3326,1,1,TP,-,
3321,1,1,TP,-,
5644,1,1,TP,-,
6934,1,1,TP,-,
7935,1,0,FP,FN,
7663,1,1,TP,-,
6206,1,1,TP,-,
6690,1,1,TP,-,
7226,1,1,TP,-,
6690,1,1,TP,-,
3160,1,1,TP,-,
7226,0,1,FP,-,
7212,0,0,TP,-,
3318,1,1,TP,-,
1123,1,1,TP,-,
7167,1,0,FP,FN,
7298,1,1,TP,-,
5646,1,1,TP,-,
7616,0,0,TP,-,
7338,1,1,TP,-,
7704,1,0,FP,FN,
7593,1,1,TP,-,
7298,1,1,TP,-,
7259,1,1,TP,-,
5201,1,1,TP,-,
7779,1,1,TP,-,
4958,1,1,TP,-,
2522,1,1,TP,-,
6427,0,0,TP,-,
2112,1,0,FP,FN,
7395,1,1,TP,-,
7574,0,0,TP,-,
5933,1,1,TP,-,
881,1,0,FP,FN,
4458,1,0,FP,FN,
3525,1,1,TP,-,
7985,1,0,FP,FN,
8069,1,1,TP,-,
5704,1,1,TP,-,
7700,0,0,TP,-,
3652,1,0,FP,FN,
7705,0,0,TP,-,
7770,1,1,TP,-,
4514,1,1,TP,-,
8078,1,1,TP,-,
7392,1,0,FP,FN,
442,1,1,TP,-,
3979,1,1,TP,-,
6765,1,1,TP,-,
6565,1,1,TP,-,
5588,1,1,TP,-,
5646,1,1,TP,-,
5429,1,1,TP,-,
4504,1,1,TP,-,
5027,1,1,TP,-,
6685,1,1,TP,-,
4314,1,1,TP,-,
6685,1,1,TP,-,
5644,1,1,TP,-,
5644,1,1,TP,-,
7821,0,1,FP,-,
2897,1,1,TP,-,
5000,1,1,TP,-,
7869,1,1,TP,-,
6685,1,1,TP,-,
2112,1,1,TP,-,
7417,0,0,TP,-,
3780,1,1,TP,-,
7884,1,0,FP,FN,
6582,0,1,FP,-,
7958,1,0,FP,FN,
3652,1,1,TP,-,
5232,1,1,TP,-,
7939,0,0,TP,-,
3979,1,1,TP,-,
7942,1,1,TP,-,
7869,0,1,FP,-,
7421,1,1,TP,-,
1419,1,1,TP,-,
8066,1,1,TP,-,
5412,1,1,TP,-,
7356,1,0,FP,FN,
7647,1,0,FP,FN,
6821,1,0,FP,FN,
7724,0,0,TP,-,
4746,1,1,TP,-,
4807,1,1,TP,-,
7542,1,1,TP,-,
8017,0,0,TP,-,
4385,1,1,TP,-,
7312,1,0,FP,FN,
6877,1,1,TP,-,
6206,1,1,TP,-,
7655,1,0,FP,FN,
6461,1,1,TP,-,
6504,0,0,TP,-,
214,1,1,TP,-,
5280,1,1,TP,-,
4775,1,1,TP,-,
5027,1,1,TP,-,
7703,0,0,TP,-,
3652,1,1,TP,-,
7800,1,1,TP,-,
6944,0,0,TP,-,
7295,1,1,TP,-,
2522,1,1,TP,-,
5646,1,1,TP,-,
7690,0,0,TP,-,
7922,1,0,FP,FN,
5646,1,1,TP,-,
5447,1,1,TP,-,
4807,1,1,TP,-,
7259,1,1,TP,-,
2522,1,1,TP,-,
5588,1,1,TP,-,
7846,1,1,TP,-,
6658,0,0,TP,-,
5646,1,1,TP,-,
7485,1,0,FP,FN,
8012,1,1,TP,-,
8146,1,1,TP,-,
7773,1,1,TP,-,
7779,1,1,TP,-,
849,1,1,TP,-,
7588,1,1,TP,-,
7693,1,0,FP,FN,
5933,1,1,TP,-,
4807,1,1,TP,-,
7650,1,0,FP,FN,
7269,1,1,TP,-,
7977,1,1,TP,-,
6083,1,1,TP,-,
3827,1,1,TP,-,
2112,1,0,FP,FN,
7976,0,0,TP,-,
7542,1,1,TP,-,
5965,1,1,TP,-,
7614,1,1,TP,-,
7732,1,0,FP,FN,
7170,1,1,TP,-,
854,1,1,TP,-,
7295,1,1,TP,-,
7485,1,0,FP,FN,
7750,1,1,TP,-,
6472,1,0,FP,FN,
1123,1,1,TP,-,
5677,1,1,TP,-,
3890,1,1,TP,-,
7536,1,1,TP,-,
8144,1,1,TP,-,
6567,0,0,TP,-,
5181,1,1,TP,-,
3780,1,1,TP,-,
7752,0,1,FP,-,
7168,1,1,TP,-,
7330,1,1,TP,-,
7736,0,0,TP,-,
7555,1,0,FP,FN,
1419,1,1,TP,-,
7750,1,1,TP,-,
6934,1,1,TP,-,
7226,1,1,TP,-,
7558,1,1,TP,-,
1424,1,1,TP,-,
7786,1,0,FP,FN,
7893,1,0,FP,FN,
7797,0,0,TP,-,
4504,1,1,TP,-,
3318,1,1,TP,-,
2522,1,1,TP,-,
8138,1,1,TP,-,
7168,1,1,TP,-,
7734,1,0,FP,FN,
6028,1,1,TP,-,
7896,1,1,TP,-,
7685,1,1,TP,-,
6028,1,1,TP,-,
7505,1,1,TP,-,
3676,1,1,TP,-,
5549,1,1,TP,-,
7430,1,1,TP,-,
4504,1,0,FP,FN,
7312,1,1,TP,-,
7814,1,1,TP,-,
6877,1,0,FP,FN,
3676,1,1,TP,-,
7528,1,1,TP,-,
854,1,1,TP,-,
7846,1,1,TP,-,
6379,1,0,FP,FN,
4314,1,1,TP,-,
7815,1,1,TP,-,
4746,1,1,TP,-,
6014,1,1,TP,-,
7818,1,1,TP,-,
6821,1,1,TP,-,
7754,1,1,TP,-,
7773,1,1,TP,-,
5139,1,1,TP,-,
7312,1,0,FP,FN,
7664,1,1,TP,-,
366,1,1,TP,-,
7847,0,0,TP,-,
8111,0,1,FP,-,
7775,1,0,FP,FN,
1123,1,1,TP,-,
7080,1,1,TP,-,
6885,0,1,FP,-,
7821,0,0,TP,-,
7667,0,0,TP,-,
5232,1,1,TP,-,
7331,1,0,FP,FN,
7588,1,1,TP,-,
7685,1,1,TP,-,
7057,1,0,FP,FN,
5000,1,1,TP,-,
7412,0,0,TP,-,
3221,1,1,TP,-,
7239,0,0,TP,-,
4832,1,1,TP,-,
7061,1,0,FP,FN,
5646,1,1,TP,-,
6765,1,1,TP,-,
449,1,1,TP,-,
6978,1,1,TP,-,
4314,1,1,TP,-,
6600,1,1,TP,-,
2522,1,1,TP,-,
5181,1,1,TP,-,
6978,1,1,TP,-,
2897,1,1,TP,-,
7880,1,0,FP,FN,
5549,1,1,TP,-,
6885,1,1,TP,-,
6203,1,1,TP,-,
6083,1,1,TP,-,
5677,1,1,TP,-,
7654,0,0,TP,-,
5201,1,1,TP,-,
7421,1,1,TP,-,
7883,1,0,FP,FN,
8037,1,0,FP,FN,
7061,1,1,TP,-,
7168,1,1,TP,-,
7734,0,0,TP,-,
7754,1,1,TP,-,
7619,0,0,TP,-,
6083,1,1,TP,-,
7834,1,1,TP,-,
7753,1,1,TP,-,
5646,1,1,TP,-,
5447,1,1,TP,-,
7885,1,1,TP,-,
5704,1,1,TP,-,
7942,0,1,FP,-,
7766,1,1,TP,-,
7663,1,1,TP,-,
7815,1,1,TP,-,
5677,1,1,TP,-,
3676,1,1,TP,-,
8080,1,0,FP,FN,
7536,1,1,TP,-,
7984,1,1,TP,-,
236,1,1,TP,-,
6600,1,1,TP,-,
6565,1,1,TP,-,
1424,1,1,TP,-,
6934,1,1,TP,-,
2451,0,0,TP,-,
5027,1,1,TP,-,
7536,1,1,TP,-,
3218,1,0,FP,FN,
7630,0,0,TP,-,
2112,1,0,FP,FN,
5745,1,0,FP,FN,
8147,0,0,TP,-,
6985,0,0,TP,-,
6885,1,1,TP,-,
2522,1,1,TP,-,
7857,0,0,TP,-,
7824,0,0,TP,-,
5232,1,1,TP,-,
7604,1,1,TP,-,
7627,0,0,TP,-,
6505,1,0,FP,FN,
7852,1,0,FP,FN,
7728,1,0,FP,FN,
7742,1,1,TP,-,
7984,1,1,TP,-,
7618,1,1,TP,-,
6206,1,1,TP,-,
7918,0,0,TP,-,
7269,1,1,TP,-,
7993,1,0,FP,FN,
6944,0,0,TP,-,
3221,1,1,TP,-,
6006,1,1,TP,-,
5506,0,0,TP,-,
6832,1,1,TP,-,
5588,1,0,FP,FN,
7715,1,1,TP,-,
7719,1,1,TP,-,
854,1,1,TP,-,
7655,1,1,TP,-,
6885,1,1,TP,-,
8100,1,1,TP,-,
4832,1,1,TP,-,
7634,1,0,FP,FN,
7643,0,0,TP,-,
4385,1,1,TP,-,
7378,1,0,FP,FN,
7330,1,1,TP,-,
5280,1,1,TP,-,
7643,0,0,TP,-,
6685,1,1,TP,-,
4958,1,1,TP,-,
8031,1,1,TP,-,
7887,0,0,TP,-,
3652,1,1,TP,-,
7430,1,1,TP,-,
7819,1,1,TP,-,
7994,1,1,TP,-,
7430,1,1,TP,-,
2897,1,1,TP,-,
6014,1,1,TP,-,
5588,1,1,TP,-,
6685,1,1,TP,-,
7915,0,0,TP,-,
5644,1,1,TP,-,
6203,1,1,TP,-,
3827,1,1,TP,-,
366,1,1,TP,-,
6061,1,0,FP,FN,
5506,0,0,TP,-,
1123,1,1,TP,-,
7586,0,0,TP,-,
5000,1,1,TP,-,
7848,1,1,TP,-,
7604,0,1,FP,-,
7664,1,1,TP,-,
7823,1,0,FP,FN,
6918,0,0,TP,-,
4832,1,1,TP,-,
7717,1,1,TP,-,
7221,1,1,TP,-,
7168,1,1,TP,-,
8112,1,1,TP,-,
5412,1,1,TP,-,
6690,1,1,TP,-,
7485,1,0,FP,FN,
7503,0,0,TP,-,
7617,1,0,FP,FN,
7607,0,0,TP,-,
3321,1,1,TP,-,
7484,1,0,FP,FN,
5745,1,0,FP,FN,
6849,1,0,FP,FN,
8007,1,1,TP,-,
5671,1,0,FP,FN,
7330,1,1,TP,-,
236,1,1,TP,-,
3676,1,1,TP,-,
7907,1,1,TP,-,
6877,1,1,TP,-,
7655,1,1,TP,-,
5704,1,0,FP,FN,
5677,1,1,TP,-,
6821,1,1,TP,-,
7600,1,0,FP,FN,
6206,1,1,TP,-,
5139,1,0,FP,FN,
7620,1,0,FP,FN,
2522,1,1,TP,-,
449,1,1,TP,-,
7745,1,0,FP,FN,
6565,1,1,TP,-,
5933,1,1,TP,-,
7707,1,0,FP,FN,
8073,0,0,TP,-,
7947,0,0,TP,-,
6461,1,1,TP,-,
6461,1,1,TP,-,
3890,1,1,TP,-,
7212,0,0,TP,-,
7880,1,0,FP,FN,
7919,1,0,FP,FN,
7295,1,1,TP,-,
7757,0,0,TP,-,
7395,1,1,TP,-,
5558,1,1,TP,-,
7057,1,0,FP,FN,
7331,1,0,FP,FN,
6461,1,1,TP,-,
6014,1,1,TP,-,
7622,0,0,TP,-,
7604,1,1,TP,-,
1123,1,1,TP,-,
6461,1,1,TP,-,
7828,1,0,FP,FN,
6600,1,1,TP,-,
6349,1,0,FP,FN,
7693,1,0,FP,FN,
6600,1,1,TP,-,
7330,1,1,TP,-,
5232,1,1,TP,-,
4958,1,1,TP,-,
7331,0,0,TP,-,
7952,0,0,TP,-,
1419,1,1,TP,-,
449,1,1,TP,-,
7949,0,0,TP,-,
8072,0,0,TP,-,
214,1,1,TP,-,
7551,1,1,TP,-,
7995,1,0,FP,FN,
7655,1,1,TP,-,
7395,1,1,TP,-,
5704,1,0,FP,FN,
7693,0,0,TP,-,
7640,0,0,TP,-,
2413,1,0,FP,FN,
7812,0,0,TP,-,
7376,0,0,TP,-,
2112,1,0,FP,FN,
6839,1,1,TP,-,
1424,1,1,TP,-,
5549,1,1,TP,-,
3979,1,1,TP,-,
7814,1,1,TP,-,
5396,1,1,TP,-,
5201,1,1,TP,-,
7428,1,1,TP,-,
214,1,1,TP,-,
7080,1,1,TP,-,
849,1,1,TP,-,
7593,0,1,FP,-,
5549,1,1,TP,-,
7839,0,0,TP,-,
5447,1,1,TP,-,
366,1,1,TP,-,
7378,1,1,TP,-,
5549,1,1,TP,-,
8020,1,1,TP,-,
7828,1,0,FP,FN,
6349,1,0,FP,FN,
6638,1,1,TP,-,
7737,1,1,TP,-,
7530,1,1,TP,-,
449,1,1,TP,-,
6766,1,1,TP,-,
849,1,1,TP,-,
1269,1,1,TP,-,
3169,1,1,TP,-,
7378,1,1,TP,-,
5412,1,1,TP,-,
7849,1,1,TP,-,
7773,1,1,TP,-,
854,1,1,TP,-,
7660,1,0,FP,FN,
6877,1,0,FP,FN,
7801,1,1,TP,-,
7137,1,1,TP,-,
5027,1,1,TP,-,
3525,1,1,TP,-,
5558,1,1,TP,-,
4008,1,0,FP,FN,
3218,1,0,FP,FN,
7773,1,1,TP,-,
7824,1,1,TP,-,
5181,1,1,TP,-,
4746,1,1,TP,-,
1269,1,1,TP,-,
8082,1,0,FP,FN,
1269,1,1,TP,-,
7849,1,1,TP,-,
7580,0,0,TP,-,
7699,1,0,FP,FN,
3221,1,1,TP,-,
6918,1,0,FP,FN,
2451,0,0,TP,-,
6821,1,0,FP,FN,
6839,1,1,TP,-,
7754,1,1,TP,-,
7804,1,1,TP,-,
4504,1,1,TP,-,
6565,1,1,TP,-,
7542,1,1,TP,-,
7880,1,0,FP,FN,
7848,1,1,TP,-,
7786,1,1,TP,-,
7849,1,1,TP,-,
7614,1,1,TP,-,
7170,1,1,TP,-,
5933,1,1,TP,-,
7376,0,0,TP,-,
6379,0,0,TP,-,
7773,1,1,TP,-,
6565,1,1,TP,-,
4958,1,1,TP,-,
6205,1,1,TP,-,
7900,0,0,TP,-,
7407,1,1,TP,-,
7395,1,1,TP,-,
5671,0,0,TP,-,
8036,1,1,TP,-,
7338,1,1,TP,-,
6832,1,0,FP,FN,
5644,1,1,TP,-,
6821,1,1,TP,-,
7378,1,1,TP,-,
7243,1,0,FP,FN,
5181,1,1,TP,-,
3169,1,1,TP,-,
8030,1,0,FP,FN,
4314,1,1,TP,-,
7542,1,1,TP,-,
8111,0,1,FP,-,
7786,1,1,TP,-,
7397,0,0,TP,-,
8015,1,0,FP,FN,
854,1,1,TP,-,
7528,1,0,FP,FN,
7663,1,1,TP,-,
2522,1,1,TP,-,
7801,1,0,FP,FN,
4746,1,1,TP,-,
7558,1,1,TP,-,
3169,1,1,TP,-,
5396,1,1,TP,-,
7779,1,1,TP,-,
4314,1,1,TP,-,
6461,1,1,TP,-,
6083,1,1,TP,-,
3321,1,1,TP,-,
7588,1,1,TP,-,
5549,1,1,TP,-,
5933,1,1,TP,-,
3525,1,1,TP,-,
5761,0,0,TP,-,
6504,0,0,TP,-,
6877,1,1,TP,-,
7943,1,1,TP,-,
7909,1,1,TP,-,
3169,1,1,TP,-,
7943,1,1,TP,-,
7554,0,0,TP,-,
5679,1,1,TP,-,
7943,1,1,TP,-,
6600,1,1,TP,-,
3321,1,1,TP,-,
7742,1,1,TP,-,
7912,0,0,TP,-,
849,1,1,TP,-,
6791,1,0,FP,FN,
5745,0,0,TP,-,
7690,0,0,TP,-,
236,1,1,TP,-,
6978,1,1,TP,-,
5000,1,1,TP,-,
3979,1,1,TP,-,
7330,1,1,TP,-,
4385,1,1,TP,-,
7824,1,0,FP,FN,
8017,0,0,TP,-,
7828,1,0,FP,FN,
7080,1,1,TP,-,
7804,1,1,TP,-,
5704,1,1,TP,-,
7613,1,0,FP,FN,
7836,1,0,FP,FN,
7650,0,0,TP,-,
7588,1,0,FP,FN,
7760,0,0,TP,-,
5549,1,1,TP,-,
7800,1,1,TP,-,
7616,0,0,TP,-,
4314,1,1,TP,-,
5396,1,1,TP,-,
6582,0,0,TP,-,
6600,1,1,TP,-,
214,1,1,TP,-,
6582,0,0,TP,-,
7243,0,0,TP,-,
7243,0,0,TP,-,
3676,1,1,TP,-,
6379,1,0,FP,FN,
7551,1,1,TP,-,
7643,0,0,TP,-,
6885,1,1,TP,-,
7758,0,0,TP,-,
5549,1,1,TP,-,
4807,1,1,TP,-,
7766,0,1,FP,-,
7847,1,0,FP,FN,
1419,1,1,TP,-,
7430,1,1,TP,-,
7485,1,0,FP,FN,
366,1,1,TP,-,
3318,1,1,TP,-,
7823,1,1,TP,-,
2897,1,1,TP,-,
4958,1,1,TP,-,
7421,1,0,FP,FN,
1424,1,1,TP,-,
6765,1,1,TP,-,
7212,1,0,FP,FN,
6360,1,1,TP,-,
3321,1,1,TP,-,
5181,1,1,TP,-,
7699,1,0,FP,FN,
7392,1,0,FP,FN,
3827,1,1,TP,-,
3321,1,1,TP,-,
8086,0,1,FP,-,
7528,1,1,TP,-,
7737,1,0,FP,FN,
7960,0,0,TP,-,
3169,1,1,TP,-,
6934,1,1,TP,-,
366,1,1,TP,-,
8150,1,1,TP,-,
4775,1,1,TP,-,
5558,1,1,TP,-,
6213,0,0,TP,-,
7614,1,1,TP,-,
7542,1,1,TP,-,
5588,1,1,TP,-,
7137,1,1,TP,-,
6658,0,0,TP,-,
7080,1,1,TP,-,
7773,1,1,TP,-,
6638,1,1,TP,-,
7376,0,0,TP,-,
4807,1,1,TP,-,
7757,0,0,TP,-,
4137,1,1,TP,-,
7170,1,1,TP,-,
5412,1,1,TP,-,
8052,1,1,TP,-,
6638,1,1,TP,-,
7280,1,0,FP,FN,
8009,1,1,TP,-,
6083,1,1,TP,-,
7226,1,1,TP,-,
7168,1,1,TP,-,
5447,1,1,TP,-,
6765,1,1,TP,-,
6028,1,1,TP,-,
7619,1,0,FP,FN,
7741,1,1,TP,-,
7407,1,1,TP,-,
5027,1,1,TP,-,
4746,1,1,TP,-,
854,1,1,TP,-,
3890,1,1,TP,-,
7226,1,1,TP,-,
7528,1,0,FP,FN,
7952,0,0,TP,-,
7814,1,1,TP,-,
7909,1,1,TP,-,
236,1,1,TP,-,
2112,1,1,TP,-,
7693,1,0,FP,FN,
7685,1,1,TP,-,
5232,1,1,TP,-,
6014,1,1,TP,-,
7811,0,1,FP,-,
7857,0,0,TP,-,
5280,1,1,TP,-,
7330,1,1,TP,-,
7536,1,1,TP,-,
7269,1,1,TP,-,
7314,0,0,TP,-,
7545,1,1,TP,-,
7312,1,0,FP,FN,
7737,1,1,TP,-,
7938,0,0,TP,-,
6210,1,1,TP,-,
7932,1,0,FP,FN,
3894,0,0,TP,-,
7428,1,1,TP,-,
7430,1,1,TP,-,
7770,0,1,FP,-,
3217,1,0,FP,FN,
7814,1,1,TP,-,
7798,1,1,TP,-,
7782,1,0,FP,FN,
7057,1,1,TP,-,
7685,1,1,TP,-,
6978,1,1,TP,-,
5506,0,0,TP,-,
7715,1,0,FP,FN,
5139,1,1,TP,-,
7503,0,1,FP,-,
6205,1,1,TP,-,
442,1,1,TP,-,
5396,1,1,TP,-,
4314,1,1,TP,-,
6321,0,0,TP,-,
7742,0,0,TP,-,
6206,1,1,TP,-,
7975,0,0,TP,-,
7708,1,1,TP,-,
6918,1,0,FP,FN,
7963,1,1,TP,-,
7645,0,0,TP,-,
8093,1,0,FP,FN,
6600,1,1,TP,-,
1269,1,1,TP,-,
4008,1,0,FP,FN,
7617,0,0,TP,-,
5679,1,0,FP,FN,
3318,1,1,TP,-,
7660,1,0,FP,FN,
3318,1,1,TP,-,
214,1,1,TP,-,
7774,1,1,TP,-,
7618,1,1,TP,-,
6014,1,1,TP,-,
1123,1,1,TP,-,
7892,0,0,TP,-,
8145,1,1,TP,-,
3160,1,1,TP,-,
5965,1,1,TP,-,
3780,1,1,TP,-,
5506,1,0,FP,FN,
7555,0,0,TP,-,
7530,1,1,TP,-,
7212,0,0,TP,-,
5933,1,1,TP,-,
7706,1,1,TP,-,
7168,1,1,TP,-,
7735,0,0,TP,-,
6205,1,1,TP,-,
6203,1,1,TP,-,
7080,1,1,TP,-,
7880,1,0,FP,FN,
7975,0,0,TP,-,
7873,1,1,TP,-,
5679,0,1,FP,-,
7012,0,0,TP,-,
6658,1,0,FP,FN,
7943,1,1,TP,-,
2233,0,0,TP,-,
5506,0,0,TP,-,
7785,1,0,FP,FN,
7312,1,0,FP,FN,
7996,1,1,TP,-,
5232,1,1,TP,-,
7607,1,0,FP,FN,
7168,1,1,TP,-,
3326,1,1,TP,-,
7699,0,0,TP,-,
5412,1,1,TP,-,
7890,1,1,TP,-,
849,1,1,TP,-,
6205,1,1,TP,-,
5181,1,1,TP,-,
7861,0,0,TP,-,
5646,1,1,TP,-,
7849,1,1,TP,-,
6685,1,1,TP,-,
6014,1,1,TP,-,
7430,1,1,TP,-,
3890,1,1,TP,-,
5644,1,1,TP,-,
7430,1,1,TP,-,
3525,1,1,TP,-,
7823,1,0,FP,FN,
4775,1,1,TP,-,
442,1,1,TP,-,
236,1,0,FP,FN,
3321,1,1,TP,-,
7883,0,0,TP,-,
7701,0,0,TP,-,
7818,1,1,TP,-,
7057,0,0,TP,-,
6565,1,1,TP,-,
7673,1,0,FP,FN,
7664,1,1,TP,-,
8039,1,0,FP,FN,
4044,1,1,TP,-,
7645,0,0,TP,-,
8023,1,1,TP,-,
4458,1,0,FP,FN,
7061,1,0,FP,FN,
7551,1,1,TP,-,
6958,0,0,TP,-,
7295,1,1,TP,-,
3321,1,1,TP,-,
7604,1,0,FP,FN,
7312,1,0,FP,FN,
7914,1,1,TP,-,
6203,1,1,TP,-,
3676,1,1,TP,-,
6582,1,1,TP,-,
854,1,1,TP,-,
7754,1,1,TP,-,
7793,0,0,TP,-,
6356,0,0,TP,-,
7104,1,1,TP,-,
4314,1,1,TP,-,
7536,1,1,TP,-,
7729,0,0,TP,-,
4385,1,1,TP,-,
7312,0,1,FP,-,
4458,0,0,TP,-,
7693,1,0,FP,FN,
7996,1,1,TP,-,
7170,1,1,TP,-,
7904,1,0,FP,FN,
5704,1,0,FP,FN,
7943,1,1,TP,-,
7869,1,1,TP,-,
7596,0,0,TP,-,
7080,1,1,TP,-,
5704,1,1,TP,-,
7684,0,0,TP,-,
7655,1,1,TP,-,
5000,1,1,TP,-,
4514,1,1,TP,-,
7168,1,1,TP,-,
7057,1,0,FP,FN,
7080,1,1,TP,-,
7843,0,0,TP,-,
7754,1,1,TP,-,
6334,1,0,FP,FN,
6600,1,1,TP,-,
7913,1,0,FP,FN,
8066,1,1,TP,-,
5933,1,1,TP,-,
5506,0,0,TP,-,
7821,0,0,TP,-,
4775,1,1,TP,-,
5139,1,1,TP,-,
7814,1,1,TP,-,
5933,1,1,TP,-,
6955,1,0,FP,FN,
7080,1,1,TP,-,
5644,1,1,TP,-,
5588,1,1,TP,-,
6349,1,0,FP,FN,
7614,1,1,TP,-,
5000,1,1,TP,-,
7685,1,1,TP,-,
1123,1,1,TP,-,
7717,1,1,TP,-,
7634,1,0,FP,FN,
3318,1,1,TP,-,
6028,1,1,TP,-,
5558,1,1,TP,-,
7407,1,1,TP,-,
7330,1,1,TP,-,
7586,0,0,TP,-,
7295,1,1,TP,-,
7655,1,0,FP,FN,
8095,1,0,FP,FN,
854,1,1,TP,-,
3326,1,1,TP,-,
7614,1,1,TP,-,
7994,1,1,TP,-,
7618,1,1,TP,-,
2451,0,0,TP,-,
6832,1,1,TP,-,
5704,1,1,TP,-,
5280,1,1,TP,-,
7685,1,1,TP,-,
7679,0,0,TP,-,
8109,0,0,TP,-,
7012,0,0,TP,-,
7627,0,0,TP,-,
6877,1,1,TP,-,
7959,0,0,TP,-,
8097,0,0,TP,-,
6203,0,1,FP,-,
7430,1,0,FP,FN,
7649,1,0,FP,FN,
6206,1,1,TP,-,
7637,0,0,TP,-,
7338,1,1,TP,-,
8076,1,1,TP,-,
5933,1,1,TP,-,
849,1,1,TP,-,
5396,1,1,TP,-,
5679,1,0,FP,FN,
8017,0,0,TP,-,
7812,0,0,TP,-,
7642,0,0,TP,-,
7632,1,1,TP,-,
7712,1,0,FP,FN,
7640,0,0,TP,-,
5905,1,0,FP,FN,
366,1,1,TP,-,
6006,1,0,FP,FN,
7704,1,0,FP,FN,
7673,1,0,FP,FN,
7168,1,1,TP,-,
4775,1,1,TP,-,
449,1,1,TP,-,
7679,1,0,FP,FN,
5027,1,1,TP,-,
4314,1,1,TP,-,
5704,1,1,TP,-,
7664,1,1,TP,-,
8081,1,1,TP,-,
6985,0,0,TP,-,
7571,0,0,TP,-,
236,1,0,FP,FN,
7633,1,1,TP,-,
5549,1,1,TP,-,
6765,1,1,TP,-,
4807,1,1,TP,-,
7618,1,1,TP,-,
4514,1,1,TP,-,
5646,1,1,TP,-,
6885,1,1,TP,-,
449,1,1,TP,-,
849,1,1,TP,-,
7756,1,1,TP,-,
5646,1,1,TP,-,
6028,1,1,TP,-,
7170,1,1,TP,-,
7704,1,0,FP,FN,
5905,1,0,FP,FN,
3169,1,1,TP,-,
3827,1,1,TP,-,
6205,1,1,TP,-,
6203,1,1,TP,-,
7655,1,1,TP,-,
7551,1,1,TP,-,
7849,1,1,TP,-,
8008,0,0,TP,-,
6885,1,1,TP,-,
8075,1,0,FP,FN,
1123,1,1,TP,-,
7338,1,1,TP,-,
7694,1,1,TP,-,
5181,1,1,TP,-,
8033,1,0,FP,FN,
6028,1,1,TP,-,
7864,0,0,TP,-,
7226,1,1,TP,-,
7605,1,0,FP,FN,
7779,1,1,TP,-,
5201,1,1,TP,-,
7226,1,1,TP,-,
6321,0,0,TP,-,
7080,1,1,TP,-,
5646,1,1,TP,-,
7823,0,0,TP,-,
7717,1,1,TP,-,
7801,1,0,FP,FN,
7779,1,1,TP,-,
7647,1,0,FP,FN,
7376,0,0,TP,-,
7947,1,0,FP,FN,
7632,1,1,TP,-,
8012,1,1,TP,-,
214,1,1,TP,-,
8086,1,1,TP,-,
7619,1,0,FP,FN,
8025,1,0,FP,FN,
6360,1,1,TP,-,
5704,1,0,FP,FN,
5965,1,1,TP,-,
3890,1,1,TP,-,
3960,1,0,FP,FN,
7428,1,1,TP,-,
7742,1,0,FP,FN,
5588,1,1,TP,-,
6831,1,0,FP,FN,
7847,1,0,FP,FN,
236,1,0,FP,FN,
5745,0,0,TP,-,
4514,1,1,TP,-,
7893,1,0,FP,FN,
6203,0,1,FP,-,
5646,1,1,TP,-,
5618,1,1,TP,-,
4832,1,1,TP,-,
7489,1,0,FP,FN,
6877,1,0,FP,FN,
7959,0,0,TP,-,
7330,1,1,TP,-,
7655,1,0,FP,FN,
5000,1,1,TP,-,
7647,1,0,FP,FN,
4137,1,1,TP,-,
6885,1,1,TP,-,
7839,1,0,FP,FN,
4807,1,1,TP,-,
6210,1,1,TP,-,
7005,0,0,TP,-,
7719,1,1,TP,-,
5933,1,1,TP,-,
7614,1,1,TP,-,
8009,1,1,TP,-,
7057,1,0,FP,FN,
7685,1,1,TP,-,
2112,1,1,TP,-,
7731,1,1,TP,-,
6918,1,0,FP,FN,
7923,1,0,FP,FN,
5396,1,1,TP,-,
2233,0,0,TP,-,
7800,1,1,TP,-,
3979,1,1,TP,-,
7485,1,0,FP,FN,
3318,1,1,TP,-,
4807,1,1,TP,-,
7963,1,1,TP,-,
7610,0,0,TP,-,
3827,1,1,TP,-,
7631,0,0,TP,-,
6638,1,1,TP,-,
7783,1,1,TP,-,
7854,1,0,FP,FN,
90,1,0,FP,FN,
7573,0,0,TP,-,
7719,1,0,FP,FN,
6360,1,1,TP,-,
116,1,0,FP,FN,
7879,0,0,TP,-,
4775,1,1,TP,-,
6685,1,1,TP,-,
3318,1,1,TP,-,
5558,1,1,TP,-,
7717,0,1,FP,-,
7574,0,0,TP,-,
5027,1,1,TP,-,
7589,0,0,TP,-,
5558,1,1,TP,-,
6821,1,1,TP,-,
3890,1,1,TP,-,
4366,1,1,TP,-,
7844,1,0,FP,FN,
8031,1,1,TP,-,
6360,0,0,TP,-,
7847,1,0,FP,FN,
6006,1,0,FP,FN,
366,1,1,TP,-,
5412,1,1,TP,-,
7645,0,0,TP,-,
6877,1,1,TP,-,
6682,1,1,TP,-,
5201,1,1,TP,-,
5201,1,1,TP,-,
7715,1,1,TP,-,
7632,1,1,TP,-,
7696,0,0,TP,-,
7259,1,1,TP,-,
8117,1,1,TP,-,
7871,0,0,TP,-,
7397,0,0,TP,-,
1123,1,1,TP,-,
7061,1,1,TP,-,
6006,1,1,TP,-,
5549,1,1,TP,-,
6427,0,0,TP,-,
7848,1,1,TP,-,
6832,1,1,TP,-,
7719,1,1,TP,-,
5646,1,1,TP,-,
6985,0,0,TP,-,
7581,1,0,FP,FN,
6638,1,1,TP,-,
3979,1,1,TP,-,
5181,1,1,TP,-,
4746,0,0,TP,-,
3827,1,1,TP,-,
5000,1,1,TP,-,
7503,1,1,TP,-,
7080,1,1,TP,-,
7170,1,1,TP,-,
6885,1,1,TP,-,
7846,1,1,TP,-,
6765,1,1,TP,-,
7505,1,0,FP,FN,
4504,1,1,TP,-,
6083,1,1,TP,-,
5965,1,1,TP,-,
6682,1,1,TP,-,
7259,1,1,TP,-,
7259,1,1,TP,-,
3979,1,1,TP,-,
7505,1,1,TP,-,
6014,1,1,TP,-,
7708,1,1,TP,-,
7295,1,1,TP,-,
6638,1,1,TP,-,
7536,1,1,TP,-,
7857,0,0,TP,-,
4914,1,0,FP,FN,
6934,1,1,TP,-,
7664,1,0,FP,FN,
2112,1,0,FP,FN,
6014,1,1,TP,-,
7503,1,1,TP,-,
5412,1,1,TP,-,
6206,1,1,TP,-,
5679,1,0,FP,FN,
3827,1,1,TP,-,
7633,1,1,TP,-,
7269,1,1,TP,-,
4958,1,1,TP,-,
5280,1,1,TP,-,
4385,1,1,TP,-,
3169,1,1,TP,-,
7826,0,0,TP,-,
7170,1,1,TP,-,
5506,0,0,TP,-,
8023,0,1,FP,-,
3221,1,1,TP,-,
7985,0,0,TP,-,
6083,1,1,TP,-,
2522,1,1,TP,-,
4775,1,1,TP,-,
7836,1,0,FP,FN,
4137,1,1,TP,-,
5588,1,1,TP,-,
8146,1,1,TP,-,
6766,1,1,TP,-,
7593,1,1,TP,-,
3827,1,1,TP,-,
5506,0,0,TP,-,
4504,1,1,TP,-,
1123,1,1,TP,-,
6280,1,0,FP,FN,
5181,1,1,TP,-,
2522,1,1,TP,-,
849,1,1,TP,-,
5447,1,1,TP,-,
4137,1,1,TP,-,
7971,0,0,TP,-,
849,1,1,TP,-,
7799,1,0,FP,FN,
7845,1,1,TP,-,
5549,1,1,TP,-,
7640,0,0,TP,-,
366,1,1,TP,-,
7973,1,1,TP,-,
7977,1,1,TP,-,
5280,1,1,TP,-,
7397,0,0,TP,-,
7892,1,0,FP,FN,
6690,1,1,TP,-,
8099,0,0,TP,-,
4504,1,0,FP,FN,
7430,1,0,FP,FN,
7618,1,1,TP,-,
7902,1,0,FP,FN,
6685,1,1,TP,-,
7395,1,1,TP,-,
7879,0,0,TP,-,
7995,1,0,FP,FN,
6205,1,1,TP,-,
8027,1,0,FP,FN,
8020,0,1,FP,-,
7845,1,1,TP,-,
7708,1,1,TP,-,
7678,0,0,TP,-,
6765,1,1,TP,-,
3321,1,1,TP,-,
8091,1,1,TP,-,
7614,1,1,TP,-,
7942,1,1,TP,-,
7012,1,0,FP,FN,
8018,1,0,FP,FN,
7503,1,1,TP,-,
4958,1,1,TP,-,
8016,1,0,FP,FN,
3525,1,1,TP,-,
6203,0,1,FP,-,
7848,1,1,TP,-,
7734,1,0,FP,FN,
5447,1,1,TP,-,
4314,1,1,TP,-,
7962,0,0,TP,-,
5761,0,0,TP,-,
8052,1,1,TP,-,
7269,1,1,TP,-,
5618,1,1,TP,-,
6565,1,1,TP,-,
3221,1,1,TP,-,
6006,1,1,TP,-,
6205,1,1,TP,-,
6685,1,1,TP,-,
7012,1,0,FP,FN,
7226,1,1,TP,-,
7643,0,0,TP,-,
7786,0,0,TP,-,
7604,0,1,FP,-,
7839,1,0,FP,FN,
6582,1,0,FP,FN,
5232,1,1,TP,-,
6206,1,1,TP,-,
5933,1,1,TP,-,
7750,1,1,TP,-,
4008,1,0,FP,FN,
7641,0,0,TP,-,
7573,0,0,TP,-,
7610,0,0,TP,-,
4504,1,0,FP,FN,
5737,1,0,FP,FN,
442,1,1,TP,-,
8019,0,1,FP,-,
6321,1,1,TP,-,
7895,0,0,TP,-,
7614,1,1,TP,-,
6821,1,0,FP,FN,
214,1,1,TP,-,
7804,1,1,TP,-,
7057,1,1,TP,-,
4775,1,1,TP,-,
7823,1,0,FP,FN,
6028,1,1,TP,-,
6461,1,1,TP,-,
8019,0,1,FP,-,
7849,1,1,TP,-,
6504,1,1,TP,-,
7775,1,0,FP,FN,
8071,0,1,FP,-,
7298,1,1,TP,-,
7312,1,1,TP,-,
7879,0,0,TP,-,
3780,1,1,TP,-,
4137,1,1,TP,-,
3780,1,1,TP,-,
7845,1,1,TP,-,
6461,1,1,TP,-,
7542,1,1,TP,-,
6682,1,1,TP,-,
5396,1,1,TP,-,
3321,1,1,TP,-,
8112,1,1,TP,-,
2112,0,0,TP,-,
7259,1,1,TP,-,
3890,1,1,TP,-,
5745,0,0,TP,-,
3321,1,1,TP,-,
5644,1,1,TP,-,
6766,1,1,TP,-,
7890,1,1,TP,-,
7632,1,1,TP,-,
6504,1,1,TP,-,
6839,1,1,TP,-,
7485,1,0,FP,FN,
6839,1,1,TP,-,
7212,0,0,TP,-,
7647,1,0,FP,FN,
7170,1,1,TP,-,
5181,1,1,TP,-,
7555,1,0,FP,FN,
449,1,1,TP,-,
6203,0,1,FP,-,
5644,1,1,TP,-,
7259,1,1,TP,-,
4958,1,1,TP,-,
5201,1,1,TP,-,
4746,0,0,TP,-,
7673,1,0,FP,FN,
7719,1,0,FP,FN,
5027,1,1,TP,-,
7906,1,0,FP,FN,
7536,1,1,TP,-,
7717,1,0,FP,FN,
6978,1,1,TP,-,
7737,1,1,TP,-,
6567,0,0,TP,-,
7061,1,1,TP,-,
5000,1,1,TP,-,
4514,1,1,TP,-,
7943,1,1,TP,-,
6565,1,1,TP,-,
7977,1,1,TP,-,
7984,1,1,TP,-,
7609,0,0,TP,-,
5139,1,1,TP,-,
5181,1,1,TP,-,
3169,1,1,TP,-,
6690,1,1,TP,-,
366,1,1,TP,-,
6765,1,1,TP,-,
6565,1,1,TP,-,
6334,1,0,FP,FN,
7655,1,0,FP,FN,
854,1,1,TP,-,
7848,0,1,FP,-,
3890,1,1,TP,-,
7845,1,1,TP,-,
5027,1,1,TP,-,
7865,0,0,TP,-,
7873,1,1,TP,-,
6958,1,0,FP,FN,
7633,1,1,TP,-,
6028,1,1,TP,-,
3979,1,1,TP,-,
6682,1,1,TP,-,
3318,1,1,TP,-,
2897,1,1,TP,-,
7428,1,1,TP,-,
6766,1,1,TP,-,
6885,0,1,FP,-,
7407,1,1,TP,-,
442,1,1,TP,-,
7884,1,0,FP,FN,
7392,1,0,FP,FN,
5396,1,1,TP,-,
7765,0,0,TP,-,
7779,1,1,TP,-,
6028,1,1,TP,-,
7996,1,1,TP,-,
7378,1,0,FP,FN,
1424,1,1,TP,-,
5671,1,0,FP,FN,
6014,1,1,TP,-,
3676,1,1,TP,-,
881,1,0,FP,FN,
7430,1,0,FP,FN,
7814,1,1,TP,-,
4385,1,1,TP,-,
7847,0,0,TP,-,
7428,1,1,TP,-,
7376,0,0,TP,-,
7824,0,0,TP,-,
6006,1,1,TP,-,
8079,0,0,TP,-,
5671,1,0,FP,FN,
1424,1,1,TP,-,
7614,1,1,TP,-,
849,1,1,TP,-,
6028,1,1,TP,-,
8043,0,0,TP,-,
5232,1,1,TP,-,
7935,0,0,TP,-,
8063,1,1,TP,-,
3979,1,1,TP,-,
5558,1,1,TP,-,
7647,1,0,FP,FN,
7719,1,1,TP,-,
7245,0,0,TP,-,
7643,0,0,TP,-,
4366,1,0,FP,FN,
7664,1,1,TP,-,
7913,1,0,FP,FN,
8060,0,0,TP,-,
7753,1,0,FP,FN,
7989,1,1,TP,-,
7804,1,1,TP,-,
7973,1,1,TP,-,
7973,1,1,TP,-,
4366,1,1,TP,-,
7269,1,1,TP,-,
6205,1,1,TP,-,
7719,1,0,FP,FN,
6766,1,1,TP,-,
1419,1,1,TP,-,
7805,1,1,TP,-,
3326,1,1,TP,-,
7708,1,1,TP,-,
7421,1,1,TP,-,
6821,1,1,TP,-,
6542,1,0,FP,FN,
6638,0,1,FP,-,
5000,1,1,TP,-,
3221,1,1,TP,-,
7530,1,1,TP,-,
6682,1,1,TP,-,
3827,1,1,TP,-,
7190,0,0,TP,-,
5232,1,1,TP,-,
7873,1,1,TP,-,
7995,0,0,TP,-,
6766,1,1,TP,-,
8132,0,1,FP,-,
6360,1,1,TP,-,
4746,1,1,TP,-,
6918,1,0,FP,FN,
2451,0,0,TP,-,
849,1,1,TP,-,
5280,1,1,TP,-,
7765,0,0,TP,-,
7376,0,0,TP,-,
7975,0,0,TP,-,
7567,1,0,FP,FN,
7846,1,1,TP,-,
6461,1,1,TP,-,
5965,1,1,TP,-,
7530,1,1,TP,-,
1419,1,1,TP,-,
5677,1,1,TP,-,
7558,1,1,TP,-,
7806,0,0,TP,-,
7990,0,0,TP,-,
7679,1,0,FP,FN,
6565,1,1,TP,-,
5232,1,1,TP,-,
6014,1,1,TP,-,
6685,1,1,TP,-,
3652,1,0,FP,FN,
7791,1,0,FP,FN,
7430,1,1,TP,-,
7259,1,1,TP,-,
6567,0,0,TP,-,
2897,1,1,TP,-,
6360,1,1,TP,-,
7698,0,0,TP,-,
7708,1,1,TP,-,
5447,1,1,TP,-,
6028,1,1,TP,-,
7619,1,0,FP,FN,
6203,1,1,TP,-,
7530,1,1,TP,-,
7847,0,0,TP,-,
442,1,1,TP,-,
6832,1,1,TP,-,
5506,0,0,TP,-,
7818,1,1,TP,-,
5588,1,1,TP,-,
7743,0,0,TP,-,
4458,1,0,FP,FN,
7330,1,1,TP,-,
7542,1,1,TP,-,
8033,1,0,FP,FN,
366,1,1,TP,-,
4958,1,1,TP,-,
7226,1,1,TP,-,
3221,1,1,TP,-,
3780,1,1,TP,-,
7595,0,0,TP,-,
7812,0,0,TP,-,
6061,1,0,FP,FN,
6565,1,1,TP,-,
7655,1,1,TP,-,
7685,1,1,TP,-,
7800,1,1,TP,-,
7896,1,1,TP,-,
7331,1,0,FP,FN,
4514,1,1,TP,-,
7259,1,1,TP,-,
7860,1,0,FP,FN,
7276,1,0,FP,FN,
7658,0,0,TP,-,
7783,0,1,FP,-,
6203,1,1,TP,-,
4514,1,1,TP,-,
7882,0,0,TP,-,
5027,1,1,TP,-,
7604,1,1,TP,-,
8123,0,1,FP,-,
2451,0,0,TP,-,
4514,1,1,TP,-,
7667,0,0,TP,-,
3780,1,1,TP,-,
5549,1,1,TP,-,
5447,1,1,TP,-,
7298,1,1,TP,-,
7080,1,1,TP,-,
7773,1,1,TP,-,
7617,1,0,FP,FN,
7694,1,1,TP,-,
7061,1,1,TP,-,
4746,0,0,TP,-,
7882,0,0,TP,-,
7965,1,0,FP,FN,
8079,0,0,TP,-,
7766,1,1,TP,-,
4832,1,1,TP,-,
7779,1,1,TP,-,
4137,1,1,TP,-,
4746,0,0,TP,-,
5549,1,1,TP,-,
6006,1,1,TP,-,
7758,0,1,FP,-,
8034,0,0,TP,-,
3652,1,0,FP,FN,
5506,0,0,TP,-,
7815,1,1,TP,-,
7773,1,1,TP,-,
7395,1,1,TP,-,
7811,1,1,TP,-,
8065,0,0,TP,-,
8056,1,1,TP,-,
3894,0,0,TP,-,
3979,1,1,TP,-,
5558,1,1,TP,-,
6682,1,1,TP,-,
7243,0,0,TP,-,
7878,0,0,TP,-,
4385,1,1,TP,-,
7757,0,0,TP,-,
6690,1,1,TP,-,
7519,0,0,TP,-,
7673,1,0,FP,FN,
7995,1,0,FP,FN,
6832,1,0,FP,FN,
4514,1,1,TP,-,
7632,1,1,TP,-,
7821,0,0,TP,-,
7849,1,1,TP,-,
7519,0,0,TP,-,
6567,1,0,FP,FN,
6832,1,1,TP,-,
8153,1,1,TP,-,
1419,1,1,TP,-,
8071,1,1,TP,-,
7694,1,1,TP,-,
7715,1,1,TP,-,
3652,1,1,TP,-,
7212,1,0,FP,FN,
6978,1,1,TP,-,
6014,1,1,TP,-,
4832,1,1,TP,-,
7430,1,0,FP,FN,
6832,1,1,TP,-,
4314,1,1,TP,-,
1419,1,1,TP,-,
6083,1,1,TP,-,
5232,1,1,TP,-,
7699,1,1,TP,-,
7753,1,1,TP,-,
6638,1,1,TP,-,
6504,1,1,TP,-,
7378,1,0,FP,FN,
6083,1,1,TP,-,
7170,1,1,TP,-,
7633,1,1,TP,-,
5280,1,1,TP,-,
5902,0,0,TP,-,
6934,1,1,TP,-,
7421,1,1,TP,-,
7600,0,0,TP,-,
3525,1,1,TP,-,
7545,1,1,TP,-,
4504,1,0,FP,FN,
7824,0,0,TP,-,
5232,1,1,TP,-,
7593,1,1,TP,-,
1269,1,1,TP,-,
7943,1,1,TP,-,
1123,1,1,TP,-,
5745,1,0,FP,FN,
5965,1,1,TP,-,
7190,0,0,TP,-,
7920,0,0,TP,-,
7973,1,1,TP,-,
7655,1,1,TP,-,
7984,1,1,TP,-,
3326,1,1,TP,-,
8071,1,1,TP,-,
7937,0,0,TP,-,
7137,1,1,TP,-,
2522,1,1,TP,-,
5761,0,0,TP,-,
7663,1,1,TP,-,
7137,1,1,TP,-,
5429,1,1,TP,-,
7737,1,1,TP,-,
5905,1,0,FP,FN,
5447,1,1,TP,-,
7821,0,1,FP,-,
7588,1,1,TP,-,
6504,1,1,TP,-,
7856,1,0,FP,FN,
7005,0,0,TP,-,
6582,1,0,FP,FN,
7616,0,0,TP,-,
7376,0,0,TP,-,
7618,1,1,TP,-,
7815,1,1,TP,-,
7618,1,1,TP,-,
8073,1,0,FP,FN,
5933,1,1,TP,-,
7963,1,1,TP,-,
3525,1,1,TP,-,
7588,1,1,TP,-,
5965,1,1,TP,-,
5000,1,1,TP,-,
6685,1,1,TP,-,
6685,1,1,TP,-,
8012,1,1,TP,-,
7458,0,0,TP,-,
7057,1,0,FP,FN,
6934,1,1,TP,-,
1419,1,1,TP,-,
7528,1,1,TP,-,
3960,1,0,FP,FN,
7740,1,1,TP,-,
3326,1,1,TP,-,
7846,1,1,TP,-,
7061,1,0,FP,FN,
7821,0,0,TP,-,
7259,1,1,TP,-,
7505,1,1,TP,-,
5280,1,1,TP,-,
7245,0,0,TP,-,
5201,1,1,TP,-,
6083,1,1,TP,-,
7080,1,1,TP,-,
7834,1,1,TP,-,
6690,1,1,TP,-,
8101,1,1,TP,-,
6582,1,1,TP,-,
6321,1,1,TP,-,
4514,1,1,TP,-,
2897,1,1,TP,-,
5677,1,1,TP,-,
5761,0,0,TP,-,
7604,1,1,TP,-,
7485,1,0,FP,FN,
7664,1,0,FP,FN,
7991,0,1,FP,-,
7818,1,1,TP,-,
6985,0,0,TP,-,
7756,1,0,FP,FN,
7907,1,1,TP,-,
7664,1,0,FP,FN,
1123,1,1,TP,-,
5933,1,1,TP,-,
7703,0,0,TP,-,
7080,1,1,TP,-,
7719,1,0,FP,FN,
7823,1,0,FP,FN,
7994,1,1,TP,-,
7057,1,1,TP,-,
3169,1,1,TP,-,
7664,1,0,FP,FN,
5280,1,1,TP,-,
6006,1,1,TP,-,
7686,1,0,FP,FN,
2112,1,0,FP,FN,
4008,1,0,FP,FN,
7584,0,0,TP,-,
7959,1,0,FP,FN,
7331,1,1,TP,-,
7312,1,1,TP,-,
7855,1,0,FP,FN,
8012,0,1,FP,-,
5232,1,1,TP,-,
6379,0,0,TP,-,
7619,1,0,FP,FN,
8068,1,1,TP,-,
7694,1,1,TP,-,
7704,1,0,FP,FN,
7061,1,1,TP,-,
849,1,1,TP,-,
4287,0,0,TP,-,
7902,1,0,FP,FN,
7813,0,1,FP,-,
7927,1,0,FP,FN,
5412,1,1,TP,-,
7866,0,0,TP,-,
8054,0,1,FP,-,
6690,1,1,TP,-,
3321,1,1,TP,-,
5588,1,1,TP,-,
7836,1,0,FP,FN,
7704,1,0,FP,FN,
7392,1,0,FP,FN,
3979,1,1,TP,-,
7608,1,0,FP,FN,
7652,0,0,TP,-,
6638,1,1,TP,-,
1123,1,1,TP,-,
214,1,1,TP,-,
7516,1,0,FP,FN,
4746,1,0,FP,FN,
4647,0,0,TP,-,
8036,1,1,TP,-,
3169,1,1,TP,-,
7503,1,0,FP,FN,
7137,1,1,TP,-,
7779,1,1,TP,-,
4287,1,0,FP,FN,
3221,1,1,TP,-,
7823,1,0,FP,FN,
6205,1,1,TP,-,
6690,1,1,TP,-,
7995,0,0,TP,-,
7057,1,1,TP,-,
5933,1,1,TP,-,
7726,0,0,TP,-,
3525,1,1,TP,-,
5549,1,1,TP,-,
6877,1,0,FP,FN,
7753,1,0,FP,FN,
7558,1,1,TP,-,
5396,1,1,TP,-,
7907,1,1,TP,-,
7614,1,1,TP,-,
7896,1,1,TP,-,
7080,1,1,TP,-,
7430,1,1,TP,-,
5280,1,1,TP,-,
7742,1,0,FP,FN,
7400,0,0,TP,-,
7717,1,0,FP,FN,
8068,1,1,TP,-,
7923,1,0,FP,FN,
6461,1,1,TP,-,
7800,1,1,TP,-,
7730,0,0,TP,-,
449,1,1,TP,-,
7873,1,1,TP,-,
4832,1,1,TP,-,
7330,1,1,TP,-,
6461,1,1,TP,-,
4458,1,0,FP,FN,
7845,1,1,TP,-,
5000,1,1,TP,-,
7824,0,1,FP,-,
5646,1,1,TP,-,
7818,1,1,TP,-,
7528,1,1,TP,-,
7706,1,1,TP,-,
7619,1,0,FP,FN,
6690,1,1,TP,-,
8069,1,1,TP,-,
7779,1,1,TP,-,
1424,1,1,TP,-,
7699,1,1,TP,-,
6006,1,1,TP,-,
7540,1,0,FP,FN,
3169,1,1,TP,-,
8023,1,1,TP,-,
7595,0,0,TP,-,
7925,0,0,TP,-,
3525,1,1,TP,-,
3321,1,1,TP,-,
5181,1,1,TP,-,
5447,1,1,TP,-,
7518,0,0,TP,-,
854,1,1,TP,-,
8071,1,1,TP,-,
7378,1,1,TP,-,
2112,1,1,TP,-,
5704,1,1,TP,-,
7880,1,0,FP,FN,
7378,1,1,TP,-,
7618,1,1,TP,-,
7821,0,0,TP,-,
442,1,1,TP,-,
8117,1,1,TP,-,
3827,1,1,TP,-,
4807,1,1,TP,-,
7779,1,1,TP,-,
6083,1,1,TP,-,
7893,1,0,FP,FN,
6567,0,0,TP,-,
6565,1,1,TP,-,
8016,0,0,TP,-,
6028,1,1,TP,-,
7061,1,1,TP,-,
6321,1,1,TP,-,
7678,1,0,FP,FN,
5232,1,1,TP,-,
5280,1,1,TP,-,
3979,1,1,TP,-,
4807,1,1,TP,-,
7614,1,1,TP,-,
7536,1,1,TP,-,
3321,1,1,TP,-,
7685,1,1,TP,-,
7407,1,0,FP,FN,
4137,1,1,TP,-,
5933,1,1,TP,-,
7815,1,1,TP,-,
8023,1,1,TP,-,
3326,1,1,TP,-,
7430,1,1,TP,-,
445,0,0,TP,-,
6582,1,1,TP,-,
7665,0,0,TP,-,
5618,1,1,TP,-,
7821,0,0,TP,-,
7503,1,1,TP,-,
3890,1,1,TP,-,
7754,0,1,FP,-,
4832,1,1,TP,-,
6918,1,0,FP,FN,
7773,1,1,TP,-,
2897,1,1,TP,-,
7845,1,1,TP,-,
6565,1,1,TP,-,
4385,1,1,TP,-,
7492,1,0,FP,FN,
7915,0,0,TP,-,
3318,1,1,TP,-,
5902,0,0,TP,-,
6839,1,1,TP,-,
7330,1,1,TP,-,
5232,1,1,TP,-,
7226,1,1,TP,-,
5237,0,0,TP,-,
6690,1,1,TP,-,
7740,0,1,FP,-,
1269,1,1,TP,-,
2897,1,1,TP,-,
5704,1,1,TP,-,
6821,0,0,TP,-,
7849,1,1,TP,-,
7731,1,0,FP,FN,
7759,1,1,TP,-,
849,1,1,TP,-,
5558,1,1,TP,-,
3217,1,0,FP,FN,
3652,1,1,TP,-,
6014,1,1,TP,-,
7551,1,1,TP,-,
7614,1,1,TP,-,
5630,1,1,TP,-,
6766,1,1,TP,-,
8071,1,1,TP,-,
7226,1,1,TP,-,
236,1,0,FP,FN,
7848,1,1,TP,-,
3218,1,0,FP,FN,
8017,0,0,TP,-,
6083,1,1,TP,-,
2522,1,1,TP,-,
6682,1,1,TP,-,
3979,1,1,TP,-,
7818,1,1,TP,-,
6504,1,1,TP,-,
5027,1,1,TP,-,
7905,0,0,TP,-,
4137,1,1,TP,-,
8052,1,1,TP,-,
7618,1,1,TP,-,
7661,1,0,FP,FN,
7875,0,0,TP,-,
7516,1,0,FP,FN,
5965,1,1,TP,-,
7330,1,1,TP,-,
849,1,1,TP,-,
8020,1,1,TP,-,
4807,1,1,TP,-,
7754,1,1,TP,-,
7428,1,1,TP,-,
7752,0,1,FP,-,
6918,1,0,FP,FN,
7994,1,1,TP,-,
7595,0,0,TP,-,
7776,1,0,FP,FN,
6849,1,0,FP,FN,
6083,1,1,TP,-,
3890,1,1,TP,-,
7675,1,0,FP,FN,
4514,1,1,TP,-,
7463,1,0,FP,FN,
2522,1,1,TP,-,
7951,1,0,FP,FN,
7905,0,0,TP,-,
7706,1,1,TP,-,
6766,1,1,TP,-,
6765,1,1,TP,-,
6083,1,1,TP,-,
6210,1,1,TP,-,
8063,1,1,TP,-,
236,1,1,TP,-,
4775,1,1,TP,-,
7931,0,0,TP,-,
7604,1,0,FP,FN,
5588,1,0,FP,FN,
7720,0,0,TP,-,
2107,1,0,FP,FN,
366,1,1,TP,-,
7677,0,0,TP,-,
4314,1,1,TP,-,
3318,1,1,TP,-,
8052,1,1,TP,-,
7995,0,0,TP,-,
7723,1,1,TP,-,
4044,1,0,FP,FN,
7690,0,0,TP,-,
6831,0,0,TP,-,
7984,1,1,TP,-,
7758,0,1,FP,-,
7614,1,1,TP,-,
7786,1,0,FP,FN,
7595,0,0,TP,-,
3780,1,1,TP,-,
7647,1,0,FP,FN,
5139,1,1,TP,-,
4044,1,0,FP,FN,
8035,1,0,FP,FN,
366,1,1,TP,-,
7706,1,1,TP,-,
4746,1,1,TP,-,
7604,1,1,TP,-,
5965,1,1,TP,-,
5027,1,1,TP,-,
1123,1,1,TP,-,
6877,1,0,FP,FN,
8088,0,1,FP,-,
1424,1,1,TP,-,
5671,1,0,FP,FN,
5679,1,1,TP,-,
8145,1,1,TP,-,
6985,0,0,TP,-,
7938,0,0,TP,-,
5280,1,1,TP,-,
4514,1,1,TP,-,
7331,1,1,TP,-,
7462,1,0,FP,FN,
4832,1,1,TP,-,
7395,1,1,TP,-,
3218,1,0,FP,FN,
5588,1,1,TP,-,
6193,0,0,TP,-,
5549,1,1,TP,-,
6083,1,1,TP,-,
7885,1,1,TP,-,
7932,1,0,FP,FN,
2522,1,1,TP,-,
7516,1,0,FP,FN,
8043,1,0,FP,FN,
7741,1,0,FP,FN,
8043,1,0,FP,FN,
7699,1,0,FP,FN,
4832,1,1,TP,-,
7407,0,1,FP,-,
8066,1,1,TP,-,
6028,1,1,TP,-,
5447,1,1,TP,-,
7170,1,1,TP,-,
3221,1,1,TP,-,
7723,1,1,TP,-,
7873,1,1,TP,-,
5746,0,0,TP,-,
8139,1,1,TP,-,
7239,0,0,TP,-,
7626,0,0,TP,-,
6839,1,1,TP,-,
5429,0,1,FP,-,
7503,1,1,TP,-,
6791,1,0,FP,FN,
445,0,0,TP,-,
6765,1,1,TP,-,
5646,1,1,TP,-,
7694,1,1,TP,-,
7551,1,1,TP,-,
7104,1,1,TP,-,
7694,1,1,TP,-,
7927,1,0,FP,FN,
7061,1,0,FP,FN,
6885,1,1,TP,-,
7614,1,1,TP,-,
7421,1,0,FP,FN,
7818,1,1,TP,-,
449,1,1,TP,-,
7080,1,1,TP,-,
6885,1,1,TP,-,
7312,1,1,TP,-,
7536,1,1,TP,-,
5671,1,0,FP,FN,
7407,1,1,TP,-,
6565,1,1,TP,-,
624,1,1,TP,-,
7458,1,0,FP,FN,
4807,1,1,TP,-,
6600,1,1,TP,-,
4044,1,1,TP,-,
3676,1,1,TP,-,
3780,1,1,TP,-,
5412,1,1,TP,-,
5396,1,1,TP,-,
6582,0,0,TP,-,
6461,1,1,TP,-,
2112,1,1,TP,-,
5965,1,1,TP,-,
7804,1,1,TP,-,
5558,1,1,TP,-,
4514,1,1,TP,-,
7542,1,1,TP,-,
4044,0,1,FP,-,
7996,1,1,TP,-,
7638,1,0,FP,FN,
6765,1,1,TP,-,
7604,1,1,TP,-,
1269,1,1,TP,-,
214,1,1,TP,-,
6205,1,1,TP,-,
8082,1,0,FP,FN,
7593,1,0,FP,FN,
7430,1,1,TP,-,
7815,1,1,TP,-,
7779,1,1,TP,-,
2530,0,0,TP,-,
8067,1,1,TP,-,
7731,1,1,TP,-,
3321,1,1,TP,-,
7907,1,1,TP,-,
7137,1,1,TP,-,
7699,1,1,TP,-,
7824,1,1,TP,-,
6934,1,1,TP,-,
7528,0,0,TP,-,
6877,1,1,TP,-,
6206,1,1,TP,-,
6849,1,0,FP,FN,
7536,1,1,TP,-,
5902,0,0,TP,-,
7741,1,1,TP,-,
6934,1,1,TP,-,
6766,1,1,TP,-,
7754,1,1,TP,-,
7080,1,1,TP,-,
6203,1,1,TP,-,
7723,1,1,TP,-,
5644,1,1,TP,-,
6206,1,1,TP,-,
3780,1,1,TP,-,
7681,0,0,TP,-,
7221,1,1,TP,-,
6849,1,0,FP,FN,
7593,1,1,TP,-,
7137,1,1,TP,-,
7276,1,0,FP,FN,
7542,1,1,TP,-,
7943,1,1,TP,-,
7708,1,1,TP,-,
7909,1,1,TP,-,
8093,1,0,FP,FN,
849,1,1,TP,-,
5280,1,1,TP,-,
5280,1,1,TP,-,
7613,0,0,TP,-,
7633,1,1,TP,-,
6461,1,1,TP,-,
6206,1,1,TP,-,
3780,1,1,TP,-,
7633,1,1,TP,-,
3652,1,1,TP,-,
5677,1,1,TP,-,
7773,1,1,TP,-,
7558,1,1,TP,-,
4385,1,1,TP,-,
7648,0,0,TP,-,
3676,1,1,TP,-,
7170,1,1,TP,-,
7640,0,0,TP,-,
4958,1,1,TP,-,
5429,1,1,TP,-,
3525,1,1,TP,-,
7821,0,1,FP,-,
7840,1,0,FP,FN,
7815,1,1,TP,-,
7892,1,0,FP,FN,
7583,0,0,TP,-,
3890,1,1,TP,-,
7824,1,0,FP,FN,
7395,1,1,TP,-,
5644,1,1,TP,-,
7312,1,1,TP,-,
7814,1,1,TP,-,
8083,1,1,TP,-,
6565,1,1,TP,-,
6565,1,1,TP,-,
7226,1,1,TP,-,
7909,1,1,TP,-,
7330,1,1,TP,-,
8031,1,1,TP,-,
7557,1,0,FP,FN,
4504,1,1,TP,-,
7754,0,1,FP,-,
6565,1,1,TP,-,
3525,1,1,TP,-,
4775,1,1,TP,-,
7752,0,0,TP,-,
849,1,1,TP,-,
7660,0,0,TP,-,
7330,1,1,TP,-,
6839,1,1,TP,-,
5618,1,1,TP,-,
6877,1,0,FP,FN,
236,1,1,TP,-,
7632,1,1,TP,-,
7588,1,0,FP,FN,
6205,1,1,TP,-,
8019,1,1,TP,-,
5232,1,1,TP,-,
6565,1,1,TP,-,
8048,1,1,TP,-,
5412,1,1,TP,-,
214,1,1,TP,-,
7614,1,1,TP,-,
7773,1,1,TP,-,
236,1,0,FP,FN,
7874,0,0,TP,-,
4514,1,1,TP,-,
3827,1,1,TP,-,
2107,1,0,FP,FN,
5902,0,0,TP,-,
7942,0,1,FP,-,
6104,1,0,FP,FN,
7775,1,0,FP,FN,
7632,1,1,TP,-,
4832,1,1,TP,-,
3780,1,1,TP,-,
6638,0,1,FP,-,
7269,0,0,TP,-,
1424,1,1,TP,-,
5671,1,0,FP,FN,
7080,1,1,TP,-,
5671,1,0,FP,FN,
7167,1,0,FP,FN,
5000,1,1,TP,-,
5201,1,1,TP,-,
7331,1,0,FP,FN,
6934,1,1,TP,-,
7814,1,1,TP,-,
8122,0,0,TP,-,
7924,0,0,TP,-,
7104,1,1,TP,-,
8107,0,0,TP,-,
3890,1,1,TP,-,
442,1,1,TP,-,
7719,1,0,FP,FN,
7376,0,0,TP,-,
7791,1,1,TP,-,
7741,1,0,FP,FN,
6978,1,1,TP,-,
7338,1,1,TP,-,
5027,1,1,TP,-,
6978,1,1,TP,-,
6985,0,0,TP,-,
7312,1,1,TP,-,
236,1,1,TP,-,
6934,1,1,TP,-,
5902,0,0,TP,-,
3827,1,1,TP,-,
624,1,1,TP,-,
5558,1,1,TP,-,
7779,1,1,TP,-,
4775,1,1,TP,-,
7338,1,1,TP,-,
6582,0,0,TP,-,
1123,1,1,TP,-,
7681,1,0,FP,FN,
8031,1,1,TP,-,
3218,1,0,FP,FN,
8086,1,1,TP,-,
5644,1,1,TP,-,
6918,1,0,FP,FN,
442,1,1,TP,-,
442,1,1,TP,-,
6061,1,0,FP,FN,
7928,1,0,FP,FN,
7601,1,0,FP,FN,
3780,1,1,TP,-,
7798,1,1,TP,-,
7949,0,0,TP,-,
7530,1,1,TP,-,
6765,1,1,TP,-,
4514,1,1,TP,-,
7882,0,0,TP,-,
6504,1,1,TP,-,
3326,1,1,TP,-,
236,1,0,FP,FN,
4514,1,1,TP,-,
7627,0,0,TP,-,
5506,0,0,TP,-,
7601,1,0,FP,FN,
854,1,1,TP,-,
7573,0,0,TP,-,
5139,1,1,TP,-,
7588,1,1,TP,-,
6885,1,1,TP,-,
6349,1,0,FP,FN,
7330,1,1,TP,-,
7989,1,1,TP,-,
7849,1,1,TP,-,
8106,1,1,TP,-,
6839,1,1,TP,-,
4458,1,0,FP,FN,
7866,0,0,TP,-,
7633,1,1,TP,-,
7758,0,1,FP,-,
4746,1,1,TP,-,
3221,1,1,TP,-,
5447,1,1,TP,-,
5679,1,1,TP,-,
7880,1,0,FP,FN,
7883,1,0,FP,FN,
116,1,0,FP,FN,
7298,1,1,TP,-,
5447,1,1,TP,-,
5679,1,0,FP,FN,
5549,1,1,TP,-,
6028,1,1,TP,-,
5232,1,1,TP,-,
7428,1,1,TP,-,
7893,1,0,FP,FN,
7168,1,1,TP,-,
6203,1,1,TP,-,
7618,1,1,TP,-,
7737,1,1,TP,-,
849,1,1,TP,-,
7588,1,1,TP,-,
3979,1,1,TP,-,
7815,1,1,TP,-,
5506,1,0,FP,FN,
442,1,1,TP,-,
7779,1,1,TP,-,
1424,1,1,TP,-,
7395,1,1,TP,-,
6028,1,1,TP,-,
7061,1,1,TP,-,
6765,1,1,TP,-,
7604,1,1,TP,-,
881,1,0,FP,FN,
7705,0,0,TP,-,
7395,1,1,TP,-,
7928,0,0,TP,-,
1123,1,1,TP,-,
6504,1,1,TP,-,
7376,0,0,TP,-,
7737,1,0,FP,FN,
7168,1,1,TP,-,
6877,1,1,TP,-,
6682,1,1,TP,-,
4458,1,0,FP,FN,
6061,1,0,FP,FN,
7752,0,1,FP,-,
7730,0,0,TP,-,
6690,1,1,TP,-,
8020,1,1,TP,-,
5396,1,1,TP,-,
7754,1,1,TP,-,
7269,0,0,TP,-,
8018,1,0,FP,FN,
7168,1,1,TP,-,
7395,1,1,TP,-,
3780,1,1,TP,-,
7796,0,0,TP,-,
8043,0,0,TP,-,
4775,1,1,TP,-,
6210,1,0,FP,FN,
236,1,1,TP,-,
6083,1,1,TP,-,
6349,0,0,TP,-,
7137,1,1,TP,-,
849,1,1,TP,-,
7583,0,0,TP,-,
7331,1,0,FP,FN,
7849,1,1,TP,-,
5618,0,1,FP,-,
7378,1,1,TP,-,
7295,1,1,TP,-,
6685,1,1,TP,-,
3218,1,0,FP,FN,
7717,1,0,FP,FN,
8007,1,1,TP,-,
7519,1,0,FP,FN,
7769,1,0,FP,FN,
4958,1,1,TP,-,
7601,1,0,FP,FN,
7536,1,1,TP,-,
7505,1,1,TP,-,
881,1,0,FP,FN,
1269,1,1,TP,-,
7742,1,0,FP,FN,
7869,1,1,TP,-,
6821,1,1,TP,-,
8023,1,1,TP,-,
7430,1,1,TP,-,
8009,1,1,TP,-,
7604,1,1,TP,-,
7779,1,1,TP,-,
7985,0,0,TP,-,
7773,1,1,TP,-,
5447,1,1,TP,-,
7715,1,0,FP,FN,
4137,1,1,TP,-,
8009,1,1,TP,-,
6978,1,1,TP,-,
7057,1,1,TP,-,
8110,0,0,TP,-,
6685,1,1,TP,-,
7663,1,1,TP,-,
366,1,1,TP,-,
8003,0,0,TP,-,
7542,1,1,TP,-,
7915,0,0,TP,-,
4385,1,1,TP,-,
6427,0,0,TP,-,
7170,1,1,TP,-,
7812,0,0,TP,-,
5549,1,1,TP,-,
3827,1,1,TP,-,
6958,1,0,FP,FN,
7212,0,0,TP,-,
5027,1,1,TP,-,
7458,1,0,FP,FN,
2897,1,1,TP,-,
7882,0,0,TP,-,
4775,1,1,TP,-,
6839,1,1,TP,-,
7484,0,0,TP,-,
7823,0,1,FP,-,
7947,1,0,FP,FN,
5679,1,0,FP,FN,
7378,1,1,TP,-,
6839,1,1,TP,-,
8072,0,0,TP,-,
7212,0,0,TP,-,
8067,1,1,TP,-,
4385,1,1,TP,-,
5000,1,1,TP,-,
6600,1,1,TP,-,
7905,0,0,TP,-,
6427,0,0,TP,-,
7295,1,1,TP,-,
5965,1,1,TP,-,
236,1,1,TP,-,
3169,1,1,TP,-,
7719,1,0,FP,FN,
6582,1,1,TP,-,
4775,1,1,TP,-,
7846,1,1,TP,-,
5396,1,1,TP,-,
8115,1,0,FP,FN,
7376,0,0,TP,-,
6014,1,1,TP,-,
6690,1,1,TP,-,
7685,1,1,TP,-,
7849,1,1,TP,-,
6877,1,1,TP,-,
3169,1,1,TP,-,
7969,0,0,TP,-,
7901,0,0,TP,-,
7789,0,0,TP,-,
7593,1,1,TP,-,
4807,1,1,TP,-,
5646,1,1,TP,-,
7005,0,0,TP,-,
8076,1,1,TP,-,
7298,1,1,TP,-,
7938,0,0,TP,-,
7057,1,0,FP,FN,
8055,1,0,FP,FN,
3652,1,1,TP,-,
4746,1,1,TP,-,
3321,1,1,TP,-,
1424,1,1,TP,-,
7012,1,0,FP,FN,
4514,1,1,TP,-,
7618,1,1,TP,-,
7595,0,0,TP,-,
7430,1,1,TP,-,
7655,1,0,FP,FN,
7645,0,0,TP,-,
214,1,1,TP,-,
7815,1,1,TP,-,
6600,1,1,TP,-,
7407,1,1,TP,-,
6360,1,1,TP,-,
854,1,1,TP,-,
6014,1,1,TP,-,
7632,1,1,TP,-,
7536,1,1,TP,-,
3169,1,1,TP,-,
6839,1,1,TP,-,
7737,1,0,FP,FN,
8034,1,0,FP,FN,
624,1,1,TP,-,
624,1,1,TP,-,
214,1,1,TP,-,
214,1,1,TP,-,
5558,1,1,TP,-,
7869,0,1,FP,-,
7758,0,1,FP,-,
5933,1,1,TP,-,
7888,0,0,TP,-,
7885,1,1,TP,-,
7312,1,0,FP,FN,
7731,1,1,TP,-,
7669,1,0,FP,FN,
8170,0,1,FP,-,
7269,1,1,TP,-,
7847,0,0,TP,-,
7960,0,0,TP,-,
4958,1,1,TP,-,
7588,1,0,FP,FN,
3890,1,1,TP,-,
6638,1,1,TP,-,
3827,1,1,TP,-,
7080,1,1,TP,-,
1123,1,1,TP,-,
7994,1,1,TP,-,
7775,1,0,FP,FN,
7505,1,1,TP,-,
849,1,1,TP,-,
624,1,1,TP,-,
7805,0,0,TP,-,
5588,1,1,TP,-,
8035,1,0,FP,FN,
7759,1,1,TP,-,
7663,1,1,TP,-,
7395,1,1,TP,-,
6565,1,1,TP,-,
7428,1,1,TP,-,
5644,1,1,TP,-,
5232,1,1,TP,-,
5280,1,1,TP,-,
4458,1,0,FP,FN,
7542,1,1,TP,-,
7664,1,1,TP,-,
6985,0,0,TP,-,
7485,1,0,FP,FN,
7330,1,1,TP,-,
7226,1,1,TP,-,
7245,0,0,TP,-,
6006,1,1,TP,-,
7505,1,1,TP,-,
7892,1,0,FP,FN,
6567,0,0,TP,-,
5000,1,1,TP,-,
5139,1,1,TP,-,
7877,0,0,TP,-,
7551,1,1,TP,-,
7376,0,0,TP,-,
6582,1,0,FP,FN,
7395,1,1,TP,-,
7430,1,1,TP,-,
7782,1,0,FP,FN,
7942,0,1,FP,-,
5000,1,1,TP,-,
3676,1,1,TP,-,
7428,1,0,FP,FN,
6582,1,1,TP,-,
6831,0,0,TP,-,
449,1,1,TP,-,
6565,1,1,TP,-,
8019,1,1,TP,-,
8017,0,0,TP,-,
7804,1,1,TP,-,
7930,1,0,FP,FN,
6638,1,1,TP,-,
7627,1,0,FP,FN,
7638,1,0,FP,FN,
7821,0,0,TP,-,
442,1,1,TP,-,
6210,1,1,TP,-,
7959,1,0,FP,FN,
5679,1,1,TP,-,
4832,1,1,TP,-,
7973,1,1,TP,-,
6334,0,0,TP,-,
7667,0,0,TP,-,
7613,0,0,TP,-,
6766,1,1,TP,-,
5646,1,1,TP,-,
449,1,1,TP,-,
7839,1,0,FP,FN,
5761,0,0,TP,-,
7618,1,1,TP,-,
5679,1,1,TP,-,
7331,1,0,FP,FN,
7708,1,1,TP,-,
7694,1,1,TP,-,
7137,1,1,TP,-,
7920,1,0,FP,FN,
8019,0,1,FP,-,
6582,1,0,FP,FN,
8154,1,1,TP,-,
6504,1,1,TP,-,
6600,1,1,TP,-,
7655,1,1,TP,-,
7259,1,1,TP,-,
6203,0,1,FP,-,
6504,0,0,TP,-,
1123,1,1,TP,-,
6682,1,1,TP,-,
7298,1,1,TP,-,
7692,0,0,TP,-,
8099,1,0,FP,FN,
5000,1,1,TP,-,
7701,1,0,FP,FN,
7974,0,0,TP,-,
7853,1,0,FP,FN,
8042,1,1,TP,-,
7998,0,0,TP,-,
6955,1,0,FP,FN,
4385,1,1,TP,-,
7400,0,0,TP,-,
2522,1,1,TP,-,
7839,1,0,FP,FN,
3221,1,1,TP,-,
7989,1,1,TP,-,
7664,1,1,TP,-,
7935,0,0,TP,-,
7676,1,0,FP,FN,
7776,1,1,TP,-,
7873,1,1,TP,-,
4458,1,0,FP,FN,
6934,1,1,TP,-,
3652,1,1,TP,-,
6427,0,0,TP,-,
7285,0,0,TP,-,
7080,1,1,TP,-,
7057,1,1,TP,-,
3676,1,1,TP,-,
442,1,1,TP,-,
5677,1,1,TP,-,
7977,1,1,TP,-,
7604,1,1,TP,-,
7633,1,1,TP,-,
366,1,1,TP,-,
7558,1,1,TP,-,
5558,1,1,TP,-,
7717,1,0,FP,FN,
7907,1,1,TP,-,
5646,1,1,TP,-,
6083,1,1,TP,-,
4514,1,1,TP,-,
7221,1,1,TP,-,
6958,1,0,FP,FN,
449,1,1,TP,-,
1419,1,1,TP,-,
3321,1,1,TP,-,
6934,1,1,TP,-,
1424,1,1,TP,-,
3321,1,1,TP,-,
5646,1,1,TP,-,
2233,0,0,TP,-,
6877,1,1,TP,-,
6565,1,1,TP,-,
3827,1,1,TP,-,
4832,1,1,TP,-,
3221,1,1,TP,-,
6839,1,1,TP,-,
2897,1,1,TP,-,
6203,1,1,TP,-,
7759,1,1,TP,-,
6821,1,1,TP,-,
5237,0,0,TP,-,
7776,1,0,FP,FN,
7558,1,1,TP,-,
7773,1,1,TP,-,
7977,1,1,TP,-,
7649,1,0,FP,FN,
7331,1,0,FP,FN,
4314,1,1,TP,-,
7869,1,1,TP,-,
7610,0,0,TP,-,
3169,1,1,TP,-,
6685,1,1,TP,-,
6205,1,1,TP,-,
3318,1,1,TP,-,
4504,1,1,TP,-,
7814,1,1,TP,-,
6934,1,1,TP,-,
7104,1,0,FP,FN,
442,1,1,TP,-,
7818,1,1,TP,-,
6028,1,1,TP,-,
7775,1,0,FP,FN,
4504,1,1,TP,-,
3890,1,1,TP,-,
7593,1,1,TP,-,
7170,1,1,TP,-,
5412,1,1,TP,-,
7986,0,0,TP,-,
7715,1,1,TP,-,
6321,0,0,TP,-,
6472,1,0,FP,FN,
4807,1,1,TP,-,
8129,1,1,TP,-,
7741,1,0,FP,FN,
3827,1,1,TP,-,
6821,1,1,TP,-,
7335,1,0,FP,FN,
7943,1,1,TP,-,
6504,1,1,TP,-,
3326,1,1,TP,-,
7821,0,0,TP,-,
7669,1,0,FP,FN,
5558,1,1,TP,-,
7699,1,1,TP,-,
5000,1,1,TP,-,
7407,1,1,TP,-,
7958,0,0,TP,-,
4807,1,1,TP,-,
8061,1,0,FP,FN,
6203,1,1,TP,-,
5549,1,1,TP,-,
5280,1,1,TP,-,
7397,0,0,TP,-,
6839,1,1,TP,-,
7742,1,0,FP,FN,
6690,1,1,TP,-,
6766,1,1,TP,-,
5965,1,1,TP,-,
7330,1,1,TP,-,
5280,1,1,TP,-,
7756,1,1,TP,-,
7754,1,1,TP,-,
5027,1,1,TP,-,
6690,1,1,TP,-,
6839,1,1,TP,-,
5588,1,1,TP,-,
3525,1,1,TP,-,
7613,0,0,TP,-,
7699,1,1,TP,-,
6682,1,1,TP,-,
7542,1,1,TP,-,
8099,1,0,FP,FN,
5412,1,1,TP,-,
6565,1,1,TP,-,
1269,1,1,TP,-,
3221,1,1,TP,-,
2522,1,1,TP,-,
4775,1,1,TP,-,
5549,1,1,TP,-,
6885,1,1,TP,-,
6006,1,1,TP,-,
7923,1,0,FP,FN,
366,1,1,TP,-,
6360,0,1,FP,-,
7407,1,0,FP,FN,
7751,1,0,FP,FN,
5965,1,1,TP,-,
7773,1,1,TP,-,
7750,1,1,TP,-,
7259,1,1,TP,-,
1419,1,1,TP,-,
5027,1,1,TP,-,
7338,1,1,TP,-,
5000,1,1,TP,-,
881,1,0,FP,FN,
6203,1,1,TP,-,
7824,1,0,FP,FN,
7903,0,0,TP,-,
8129,1,1,TP,-,
624,1,1,TP,-,
7551,1,1,TP,-,
7137,1,1,TP,-,
7190,0,0,TP,-,
449,1,1,TP,-,
7845,1,1,TP,-,
7851,1,0,FP,FN,
214,1,1,TP,-,
7754,1,1,TP,-,
5027,1,1,TP,-,
7620,0,0,TP,-,
7298,1,1,TP,-,
7823,1,0,FP,FN,
7647,1,0,FP,FN,
7330,1,1,TP,-,
7298,1,1,TP,-,
7978,0,0,TP,-,
7338,1,1,TP,-,
7818,1,1,TP,-,
7643,0,0,TP,-,
7057,1,1,TP,-,
4807,1,1,TP,-,
5027,1,1,TP,-,
7740,1,1,TP,-,
5549,1,1,TP,-,
5396,1,1,TP,-,
7057,1,1,TP,-,
854,1,1,TP,-,
8020,1,1,TP,-,
7528,0,1,FP,-,
1123,1,1,TP,-,
7295,1,1,TP,-,
5933,1,1,TP,-,
4314,1,1,TP,-,
5181,1,1,TP,-,
7655,1,1,TP,-,
3160,1,1,TP,-,
7845,1,1,TP,-,
7542,1,1,TP,-,
7708,1,1,TP,-,
1269,1,1,TP,-,
6832,1,1,TP,-,
5646,1,1,TP,-,
7754,1,1,TP,-,
7890,1,1,TP,-,
7892,1,0,FP,FN,
7642,1,0,FP,FN,
7462,1,0,FP,FN,
442,1,1,TP,-,
8135,0,1,FP,-,
7505,1,1,TP,-,
7276,1,0,FP,FN,
7542,1,1,TP,-,
8030,0,0,TP,-,
7827,0,1,FP,-,
1419,1,1,TP,-,
7737,1,1,TP,-,
6832,1,1,TP,-,
7875,0,0,TP,-,
6885,1,1,TP,-,
7793,0,0,TP,-,
7519,1,0,FP,FN,
5549,1,1,TP,-,
7395,1,1,TP,-,
6985,0,0,TP,-,
6821,1,1,TP,-,
7939,0,0,TP,-,
442,1,1,TP,-,
4775,1,1,TP,-,
7312,1,0,FP,FN,
7886,0,0,TP,-,
8046,0,0,TP,-,
7821,0,0,TP,-,
3318,1,1,TP,-,
6504,0,0,TP,-,
7061,1,0,FP,FN,
4137,1,1,TP,-,
7542,1,1,TP,-,
5588,1,1,TP,-,
6083,1,1,TP,-,
6877,1,1,TP,-,
5181,1,1,TP,-,
7627,1,0,FP,FN,
6839,1,1,TP,-,
6934,1,1,TP,-,
5280,1,1,TP,-,
7925,0,0,TP,-,
5933,1,1,TP,-,
624,1,1,TP,-,
3525,1,1,TP,-,
5429,1,1,TP,-,
7080,1,1,TP,-,
7478,0,0,TP,-,
6654,0,1,FP,-,
7985,1,0,FP,FN,
7706,1,1,TP,-,
7943,1,1,TP,-,
5746,1,0,FP,FN,
7801,1,0,FP,FN,
7571,0,0,TP,-,
7080,1,1,TP,-,
7663,1,1,TP,-,
7104,1,1,TP,-,
2897,1,1,TP,-,
7986,0,0,TP,-,
7485,1,0,FP,FN,
6638,1,1,TP,-,
6567,0,0,TP,-,
8130,0,0,TP,-,
7335,1,0,FP,FN,
7627,1,0,FP,FN,
6690,1,1,TP,-,
5679,1,1,TP,-,
8100,1,1,TP,-,
6504,1,1,TP,-,
8009,1,1,TP,-,
7741,1,1,TP,-,
5000,1,1,TP,-,
214,1,1,TP,-,
7212,1,0,FP,FN,
7330,1,1,TP,-,
7706,1,0,FP,FN,
7846,1,1,TP,-,
7397,0,0,TP,-,
7170,1,1,TP,-,
7762,0,0,TP,-,
214,1,1,TP,-,
8033,1,0,FP,FN,
4958,1,1,TP,-,
624,1,1,TP,-,
7614,1,1,TP,-,
7755,1,0,FP,FN,
6565,1,1,TP,-,
7869,1,1,TP,-,
7719,1,0,FP,FN,
2897,1,1,TP,-,
5965,1,1,TP,-,
7822,1,1,TP,-,
7080,1,1,TP,-,
624,1,1,TP,-,
7551,1,1,TP,-,
1123,1,1,TP,-,
7298,1,1,TP,-,
7939,0,0,TP,-,
7758,0,1,FP,-,
7574,0,0,TP,-,
3652,1,1,TP,-,
3321,1,1,TP,-,
7818,1,1,TP,-,
5201,0,1,FP,-,
4832,1,1,TP,-,
6210,1,1,TP,-,
7892,1,0,FP,FN,
4746,1,0,FP,FN,
4746,1,1,TP,-,
8018,1,0,FP,FN,
5558,1,1,TP,-,
5679,1,0,FP,FN,
3979,1,1,TP,-,
1419,1,1,TP,-,
7600,0,0,TP,-,
7243,0,0,TP,-,
7619,1,0,FP,FN,
5558,1,1,TP,-,
7786,1,0,FP,FN,
5139,1,1,TP,-,
7640,0,0,TP,-,
7766,1,1,TP,-,
3890,1,1,TP,-,
6978,1,1,TP,-,
4958,1,1,TP,-,
7080,1,1,TP,-,
3318,1,1,TP,-,
3318,1,1,TP,-,
5429,1,1,TP,-,
7407,1,1,TP,-,
7824,0,0,TP,-,
6206,1,1,TP,-,
5618,1,1,TP,-,
7338,1,1,TP,-,
7881,0,0,TP,-,
8031,1,1,TP,-,
7558,1,1,TP,-,
5447,1,1,TP,-,
7854,1,0,FP,FN,
7909,1,1,TP,-,
7503,1,0,FP,FN,
7005,0,0,TP,-,
7558,1,1,TP,-,
7061,1,1,TP,-,
7298,1,1,TP,-,
3979,1,1,TP,-,
7996,1,1,TP,-,
6657,1,1,TP,-,
6658,0,0,TP,-,
7330,1,1,TP,-,
6832,1,0,FP,FN,
7212,1,0,FP,FN,
5761,0,0,TP,-,
7786,0,0,TP,-,
7975,0,0,TP,-,
7614,0,1,FP,-,
7909,1,1,TP,-,
7963,1,1,TP,-,
6944,0,0,TP,-,
6083,1,1,TP,-,
2530,0,0,TP,-,
6203,1,1,TP,-,
7647,1,0,FP,FN,
1424,1,1,TP,-,
7906,1,0,FP,FN,
5558,1,1,TP,-,
5549,1,1,TP,-,
5933,1,1,TP,-,
7421,1,0,FP,FN,
7991,1,1,TP,-,
7655,1,0,FP,FN,
7806,0,0,TP,-,
6944,0,0,TP,-,
6321,1,1,TP,-,
7726,0,0,TP,-,
8012,1,1,TP,-,
449,1,1,TP,-,
7583,0,0,TP,-,
3979,1,1,TP,-,
7226,1,1,TP,-,
4807,1,1,TP,-,
5646,1,1,TP,-,
7773,0,1,FP,-,
3525,1,1,TP,-,
5902,0,0,TP,-,
6461,1,1,TP,-,
7632,1,1,TP,-,
6690,1,1,TP,-,
6685,1,1,TP,-,
6638,1,1,TP,-,
7588,1,0,FP,FN,
442,1,1,TP,-,
7704,1,0,FP,FN,
7951,1,0,FP,FN,
3827,1,1,TP,-,
7754,1,1,TP,-,
6582,1,1,TP,-,
6083,1,1,TP,-,
7012,1,0,FP,FN,
854,1,1,TP,-,
214,1,1,TP,-,
6014,1,1,TP,-,
7708,1,1,TP,-,
7503,1,1,TP,-,
624,1,1,TP,-,
5704,1,1,TP,-,
6638,1,1,TP,-,
7613,0,0,TP,-,
7742,1,1,TP,-,
7925,0,0,TP,-,
7616,0,0,TP,-,
7137,1,1,TP,-,
7168,1,1,TP,-,
7719,1,0,FP,FN,
6206,1,1,TP,-,
7848,1,1,TP,-,
7397,0,0,TP,-,
4807,1,1,TP,-,
8009,0,1,FP,-,
624,1,1,TP,-,
7671,0,0,TP,-,
849,1,1,TP,-,
7948,1,0,FP,FN,
4958,1,1,TP,-,
7558,1,1,TP,-,
7693,1,0,FP,FN,
6014,1,1,TP,-,
5429,1,1,TP,-,
7592,0,0,TP,-,
3525,1,1,TP,-,
6210,0,0,TP,-,
7845,1,1,TP,-,
6203,1,1,TP,-,
7837,0,1,FP,-,
6542,1,0,FP,FN,
4958,1,1,TP,-,
7693,1,0,FP,FN,
854,1,1,TP,-,
7989,1,1,TP,-,
7407,1,0,FP,FN,
6504,1,1,TP,-,
1123,1,1,TP,-,
5618,0,1,FP,-,
7582,1,0,FP,FN,
7330,1,1,TP,-,
7376,0,0,TP,-,
4137,1,1,TP,-,
6321,1,0,FP,FN,
6682,1,1,TP,-,
854,1,1,TP,-,
5232,1,1,TP,-,
5232,1,1,TP,-,
7298,1,1,TP,-,
3652,1,1,TP,-,
7190,0,0,TP,-,
5549,1,1,TP,-,
5902,0,0,TP,-,
7595,0,0,TP,-,
5396,1,1,TP,-,
7057,1,0,FP,FN,
5280,1,1,TP,-,
7633,1,1,TP,-,
8025,1,0,FP,FN,
2897,1,1,TP,-,
5000,1,1,TP,-,
7485,1,0,FP,FN,
7735,0,0,TP,-,
7168,1,1,TP,-,
3525,1,1,TP,-,
6839,1,1,TP,-,
4385,1,1,TP,-,
7869,1,1,TP,-,
6014,1,1,TP,-,
6978,1,1,TP,-,
7168,1,1,TP,-,
7338,1,1,TP,-,
8099,1,0,FP,FN,
2522,1,1,TP,-,
4314,1,1,TP,-,
4807,1,1,TP,-,
8142,0,0,TP,-,
6206,1,1,TP,-,
5704,1,0,FP,FN,
4504,1,0,FP,FN,
3827,1,1,TP,-,
7918,0,0,TP,-,
5027,1,1,TP,-,
3979,1,1,TP,-,
7168,1,1,TP,-,
7395,1,1,TP,-,
7646,0,0,TP,-,
7810,0,0,TP,-,
7484,1,0,FP,FN,
7538,0,0,TP,-,
5737,1,0,FP,FN,
7912,1,0,FP,FN,
7860,0,0,TP,-,
7649,1,0,FP,FN,
5761,0,0,TP,-,
4504,1,1,TP,-,
7773,1,1,TP,-,
4366,0,0,TP,-,
7601,1,0,FP,FN,
7633,1,1,TP,-,
7206,0,0,TP,-,
3960,1,0,FP,FN,
5506,1,0,FP,FN,
6821,1,1,TP,-,
7582,1,0,FP,FN,
1419,1,1,TP,-,
214,1,1,TP,-,
7421,1,1,TP,-,
7170,1,1,TP,-,
6504,1,1,TP,-,
3676,1,1,TP,-,
4807,1,1,TP,-,
7395,1,1,TP,-,
3676,1,1,TP,-,
7896,1,1,TP,-,
7312,1,1,TP,-,
7005,0,0,TP,-,
8048,1,1,TP,-,
7582,1,0,FP,FN,
4385,1,1,TP,-,
7604,1,0,FP,FN,
5588,1,0,FP,FN,
7595,0,0,TP,-,
7528,1,1,TP,-,
7542,1,1,TP,-,
1424,1,1,TP,-,
6839,1,1,TP,-,
4287,0,0,TP,-,
8052,1,1,TP,-,
6682,1,1,TP,-,
7892,0,0,TP,-,
7137,1,1,TP,-,
7536,1,1,TP,-,
3321,1,1,TP,-,
3780,1,1,TP,-,
4807,1,1,TP,-,
7421,1,1,TP,-,
3827,1,1,TP,-,
7824,0,0,TP,-,
8043,0,0,TP,-,
6934,1,1,TP,-,
7608,0,0,TP,-,
7593,1,1,TP,-,
7835,0,1,FP,-,
7601,1,0,FP,FN,
6849,1,0,FP,FN,
7834,1,1,TP,-,
6349,1,0,FP,FN,
5902,0,0,TP,-,
5933,1,1,TP,-,
7226,1,1,TP,-,
6461,1,1,TP,-,
4807,1,1,TP,-,
236,1,0,FP,FN,
6839,1,1,TP,-,
6885,1,1,TP,-,
6461,1,1,TP,-,
4008,1,0,FP,FN,
5644,1,1,TP,-,
2897,1,1,TP,-,
7745,1,0,FP,FN,
7536,1,1,TP,-,
7618,1,1,TP,-,
6028,1,1,TP,-,
7530,1,1,TP,-,
5646,1,1,TP,-,
7893,1,0,FP,FN,
5901,1,0,FP,FN,
7428,1,1,TP,-,
7430,1,0,FP,FN,
7635,1,0,FP,FN,
4832,1,1,TP,-,
7421,1,1,TP,-,
7800,1,1,TP,-,
7702,1,0,FP,FN,
624,1,1,TP,-,
7797,0,0,TP,-,
849,1,1,TP,-,
5933,1,1,TP,-,
7867,0,0,TP,-,
4746,1,1,TP,-,
7295,1,1,TP,-,
5679,1,0,FP,FN,
5027,1,1,TP,-,
6565,1,1,TP,-,
7778,0,0,TP,-,
7804,1,1,TP,-,
3326,1,1,TP,-,
5232,1,1,TP,-,
7614,1,1,TP,-,
4773,0,0,TP,-,
7882,1,0,FP,FN,
5933,1,1,TP,-,
7430,1,0,FP,FN,
6766,1,1,TP,-,
7170,1,1,TP,-,
4287,0,0,TP,-,
7673,1,0,FP,FN,
5412,1,1,TP,-,
5139,1,0,FP,FN,
6766,1,1,TP,-,
7883,1,0,FP,FN,
5000,1,1,TP,-,
3321,1,1,TP,-,
7845,1,1,TP,-,
5201,1,1,TP,-,
3676,1,1,TP,-,
6083,1,1,TP,-,
3321,1,1,TP,-,
7905,1,0,FP,FN,
8042,1,1,TP,-,
4137,1,1,TP,-,
1419,1,1,TP,-,
7773,1,1,TP,-,
7428,1,1,TP,-,
6203,1,1,TP,-,
7791,0,0,TP,-,
6349,1,0,FP,FN,
5704,1,1,TP,-,
6014,1,1,TP,-,
7558,1,1,TP,-,
7421,1,1,TP,-,
7212,0,0,TP,-,
7780,0,0,TP,-,
3890,1,1,TP,-,
6918,1,0,FP,FN,
3321,1,1,TP,-,
7869,1,1,TP,-,
7588,1,1,TP,-,
7663,1,1,TP,-,
7421,1,1,TP,-,
5905,1,0,FP,FN,
7295,1,1,TP,-,
7910,0,0,TP,-,
3676,1,1,TP,-,
4458,0,0,TP,-,
7061,1,1,TP,-,
7528,1,1,TP,-,
7783,0,1,FP,-,
6542,1,0,FP,FN,
7649,1,0,FP,FN,
7834,1,1,TP,-,
8029,0,0,TP,-,
3318,1,1,TP,-,
6690,1,1,TP,-,
5646,1,1,TP,-,
7775,1,0,FP,FN,
1419,1,1,TP,-,
5181,1,1,TP,-,
7685,1,1,TP,-,
7593,0,1,FP,-,
4287,0,0,TP,-,
2522,1,1,TP,-,
7226,1,1,TP,-,
6934,1,1,TP,-,
6379,1,0,FP,FN,
7530,1,1,TP,-,
7706,1,1,TP,-,
7963,1,1,TP,-,
6821,1,0,FP,FN,
7633,1,1,TP,-,
7633,1,1,TP,-,
7742,1,1,TP,-,
7592,0,0,TP,-,
7752,0,1,FP,-,
8123,0,1,FP,-,
4314,1,1,TP,-,
4775,1,1,TP,-,
3780,1,1,TP,-,
7168,1,1,TP,-,
4385,1,1,TP,-,
5646,1,1,TP,-,
7338,1,1,TP,-,
4366,1,0,FP,FN,
7742,1,0,FP,FN,
7848,1,1,TP,-,
6885,1,1,TP,-,
7280,0,0,TP,-,
7848,1,1,TP,-,
3525,1,1,TP,-,
6690,1,1,TP,-,
5679,1,1,TP,-,
5027,1,1,TP,-,
8135,1,1,TP,-,
6958,1,0,FP,FN,
7137,1,1,TP,-,
1424,1,1,TP,-,
4287,0,0,TP,-,
7880,1,0,FP,FN,
5677,1,1,TP,-,
6210,1,0,FP,FN,
7536,1,1,TP,-,
3652,1,1,TP,-,
5630,1,1,TP,-,
7312,1,0,FP,FN,
7633,1,1,TP,-,
6766,1,1,TP,-,
7080,1,1,TP,-,
3326,1,1,TP,-,
7704,0,0,TP,-,
7392,1,0,FP,FN,
6014,1,1,TP,-,
7669,1,0,FP,FN,
7593,1,0,FP,FN,
7750,1,1,TP,-,
6206,1,1,TP,-,
7885,1,1,TP,-,
5000,1,1,TP,-,
5000,1,1,TP,-,
8071,1,1,TP,-,
7797,0,0,TP,-,
7717,1,0,FP,FN,
3780,1,1,TP,-,
7005,0,0,TP,-,
7847,1,0,FP,FN,
7814,1,1,TP,-,
7723,1,1,TP,-,
7873,1,1,TP,-,
7614,1,1,TP,-,
6461,1,1,TP,-,
7848,1,1,TP,-,
6918,1,0,FP,FN,
8061,1,0,FP,FN,
3321,1,1,TP,-,
7545,1,1,TP,-,
8061,1,0,FP,FN,
7515,1,0,FP,FN,
2112,1,1,TP,-,
7863,0,0,TP,-,
5933,1,1,TP,-,
7080,1,1,TP,-,
7542,1,1,TP,-,
7312,0,0,TP,-,
4958,1,1,TP,-,
7604,0,1,FP,-,
7860,1,0,FP,FN,
7617,1,0,FP,FN,
7614,1,1,TP,-,
7614,1,1,TP,-,
7489,1,0,FP,FN,
7137,1,1,TP,-,
6210,1,1,TP,-,
3780,1,1,TP,-,
7503,1,1,TP,-,
6766,1,1,TP,-,
6213,0,1,FP,-,
4807,1,1,TP,-,
6504,1,1,TP,-,
7407,1,0,FP,FN,
7887,0,0,TP,-,
3321,1,1,TP,-,
6682,1,1,TP,-,
7576,0,0,TP,-,
4514,1,1,TP,-,
2897,1,1,TP,-,
7057,1,0,FP,FN,
8025,1,0,FP,FN,
6849,1,0,FP,FN,
6321,0,0,TP,-,
8152,0,1,FP,-,
7618,1,1,TP,-,
5280,1,1,TP,-,
7917,1,0,FP,FN,
7791,1,1,TP,-,
7758,0,1,FP,-,
2522,1,1,TP,-,
7407,1,1,TP,-,
6918,1,0,FP,FN,
3652,1,1,TP,-,
7583,0,0,TP,-,
7168,1,1,TP,-,
8060,0,0,TP,-,
6682,1,1,TP,-,
6885,1,1,TP,-,
7061,1,0,FP,FN,
1419,1,1,TP,-,
7708,1,1,TP,-,
5280,1,1,TP,-,
6657,0,1,FP,-,
7775,1,1,TP,-,
5139,1,1,TP,-,
3780,1,1,TP,-,
3890,1,1,TP,-,
7551,1,0,FP,FN,
7519,1,0,FP,FN,
7842,1,0,FP,FN,
1424,1,1,TP,-,
5644,1,1,TP,-,
7376,0,0,TP,-,
7467,1,0,FP,FN,
7950,0,0,TP,-,
6985,0,0,TP,-,
6461,1,1,TP,-,
7663,1,1,TP,-,
3169,1,1,TP,-,
6014,1,1,TP,-,
7259,1,1,TP,-,
7667,0,0,TP,-,
7708,1,1,TP,-,
7776,1,1,TP,-,
7542,1,1,TP,-,
5679,1,1,TP,-,
7691,1,0,FP,FN,
5549,1,1,TP,-,
7847,0,0,TP,-,
7873,1,1,TP,-,
7312,1,0,FP,FN,
2522,1,1,TP,-,
7610,0,0,TP,-,
7685,1,1,TP,-,
5644,1,1,TP,-,
7226,1,1,TP,-,
7776,1,0,FP,FN,
7338,1,1,TP,-,
6565,1,1,TP,-,
7882,0,0,TP,-,
5139,1,0,FP,FN,
4832,1,1,TP,-,
6885,1,1,TP,-,
7958,0,0,TP,-,
5201,1,1,TP,-,
6504,1,1,TP,-,
5679,1,1,TP,-,
5237,0,0,TP,-,
442,1,1,TP,-,
7331,1,1,TP,-,
6203,1,1,TP,-,
4458,0,0,TP,-,
6213,0,0,TP,-,
8098,0,0,TP,-,
7588,1,1,TP,-,
6203,1,1,TP,-,
6765,1,1,TP,-,
1269,1,1,TP,-,
6958,1,0,FP,FN,
7708,1,1,TP,-,
214,1,1,TP,-,
7989,1,1,TP,-,
7814,1,1,TP,-,
6504,1,1,TP,-,
7642,1,0,FP,FN,
7716,0,0,TP,-,
5965,1,1,TP,-,
8031,1,1,TP,-,
6504,1,1,TP,-,
8077,1,1,TP,-,
7528,0,1,FP,-,
3979,1,1,TP,-,
8007,1,1,TP,-,
8071,1,1,TP,-,
6213,0,0,TP,-,
6083,1,1,TP,-,
7776,1,0,FP,FN,
1424,1,1,TP,-,
1419,1,1,TP,-,
6690,1,1,TP,-,
7883,1,0,FP,FN,
8082,0,0,TP,-,
7758,0,0,TP,-,
849,1,1,TP,-,
624,1,1,TP,-,
3827,1,1,TP,-,
1424,1,1,TP,-,
3652,1,1,TP,-,
3780,1,1,TP,-,
7330,1,1,TP,-,
5902,0,0,TP,-,
6839,1,1,TP,-,
116,1,0,FP,FN,
5429,1,1,TP,-,
6205,1,1,TP,-,
4385,1,1,TP,-,
5933,1,1,TP,-,
7915,0,0,TP,-,
5027,1,1,TP,-,
7994,1,1,TP,-,
5549,1,1,TP,-,
7545,1,1,TP,-,
3827,1,1,TP,-,
6690,1,1,TP,-,
7582,1,0,FP,FN,
442,1,1,TP,-,
7920,0,0,TP,-,
7688,0,0,TP,-,
8078,1,1,TP,-,
7530,1,1,TP,-,
5447,1,1,TP,-,
5965,1,1,TP,-,
7530,1,1,TP,-,
6654,1,1,TP,-,
7848,1,1,TP,-,
7775,1,0,FP,FN,
7850,0,0,TP,-,
5181,1,1,TP,-,
7430,1,1,TP,-,
6958,1,0,FP,FN,
7633,1,1,TP,-,
6690,1,1,TP,-,
4314,1,1,TP,-,
7298,1,1,TP,-,
8139,1,1,TP,-,
8003,1,0,FP,FN,
7080,1,1,TP,-,
7775,1,0,FP,FN,
7592,0,0,TP,-,
624,1,1,TP,-,
7753,1,1,TP,-,
7295,1,1,TP,-,
214,1,1,TP,-,
6657,0,1,FP,-,
7226,1,1,TP,-,
7800,1,1,TP,-,
4775,1,1,TP,-,
7395,1,1,TP,-,
6083,1,1,TP,-,
7990,0,0,TP,-,
7652,0,0,TP,-,
7804,1,1,TP,-,
7686,1,0,FP,FN,
7259,1,1,TP,-,
7137,1,1,TP,-,
6014,1,1,TP,-,
854,1,1,TP,-,
7759,1,1,TP,-,
7815,1,1,TP,-,
8128,0,0,TP,-,
7649,1,0,FP,FN,
7627,1,0,FP,FN,
7392,1,0,FP,FN,
7800,1,1,TP,-,
8132,1,1,TP,-,
5933,1,1,TP,-,
7594,0,0,TP,-,
6061,1,0,FP,FN,
5677,1,1,TP,-,
5933,1,1,TP,-,
8074,0,0,TP,-,
8118,0,1,FP,-,
6638,1,1,TP,-,
6638,1,1,TP,-,
214,1,1,TP,-,
2107,1,0,FP,FN,
7587,0,0,TP,-,
4366,1,0,FP,FN,
4832,1,1,TP,-,
6565,1,1,TP,-,
6083,1,1,TP,-,
7814,1,1,TP,-,
5027,1,1,TP,-,
5549,1,1,TP,-,
5588,1,1,TP,-,
8076,1,1,TP,-,
7800,1,1,TP,-,
8062,0,0,TP,-,
5965,1,1,TP,-,
5027,1,1,TP,-,
6832,1,1,TP,-,
7804,1,1,TP,-,
5232,1,1,TP,-,
4044,1,1,TP,-,
7914,1,1,TP,-,
7753,1,1,TP,-,
3318,1,1,TP,-,
7615,1,0,FP,FN,
1424,1,1,TP,-,
5201,1,1,TP,-,
7632,1,1,TP,-,
6832,1,1,TP,-,
5396,1,1,TP,-,
1269,1,1,TP,-,
7986,0,0,TP,-,
442,1,1,TP,-,
6321,0,0,TP,-,
5644,1,1,TP,-,
7980,1,0,FP,FN,
442,1,1,TP,-,
4958,1,1,TP,-,
7428,1,1,TP,-,
7818,1,1,TP,-,
7231,0,0,TP,-,
3780,1,1,TP,-,
5646,1,1,TP,-,
6360,1,0,FP,FN,
7536,1,1,TP,-,
4775,1,1,TP,-,
5902,0,0,TP,-,
7633,0,1,FP,-,
8009,1,1,TP,-,
3318,1,1,TP,-,
5027,1,1,TP,-,
366,1,1,TP,-,
7338,1,1,TP,-,
7890,1,1,TP,-,
7632,1,1,TP,-,
5181,1,1,TP,-,
2530,0,0,TP,-,
854,1,1,TP,-,
7708,1,1,TP,-,
5181,1,1,TP,-,
7485,1,0,FP,FN,
7542,1,1,TP,-,
6849,1,0,FP,FN,
7428,1,0,FP,FN,
5232,1,1,TP,-,
7057,1,0,FP,FN,
8054,1,1,TP,-,
5558,1,1,TP,-,
6682,1,1,TP,-,
7812,0,0,TP,-,
7462,1,0,FP,FN,
7269,1,1,TP,-,
7651,0,0,TP,-,
7530,1,1,TP,-,
7312,1,1,TP,-,
6685,1,1,TP,-,
7833,0,0,TP,-,
7331,1,0,FP,FN,
7965,0,0,TP,-,
6028,1,1,TP,-,
7678,1,0,FP,FN,
4287,0,0,TP,-,
7855,1,0,FP,FN,
4807,1,1,TP,-,
3960,1,0,FP,FN,
4504,1,1,TP,-,
5646,1,1,TP,-,
6461,1,1,TP,-,
4832,1,1,TP,-,
849,1,1,TP,-,
6682,1,1,TP,-,
7717,1,1,TP,-,
7932,1,0,FP,FN,
7397,0,0,TP,-,
5704,1,0,FP,FN,
6504,1,1,TP,-,
5027,1,1,TP,-,
5704,1,0,FP,FN,
7632,1,1,TP,-,
7604,1,1,TP,-,
7577,1,0,FP,FN,
7791,1,0,FP,FN,
3326,1,1,TP,-,
7722,0,0,TP,-,
7741,1,0,FP,FN,
7618,1,1,TP,-,
7583,0,0,TP,-,
3318,1,1,TP,-,
7752,0,1,FP,-,
5396,1,1,TP,-,
4807,1,1,TP,-,
7869,1,1,TP,-,
8073,0,0,TP,-,
6582,0,1,FP,-,
4807,1,1,TP,-,
7137,1,1,TP,-,
6061,1,0,FP,FN,
214,1,1,TP,-,
7892,1,0,FP,FN,
7170,1,1,TP,-,
2522,1,1,TP,-,
5646,1,1,TP,-,
6349,1,0,FP,FN,
7776,1,1,TP,-,
6360,1,1,TP,-,
7902,1,0,FP,FN,
4832,1,1,TP,-,
5644,1,1,TP,-,
7679,1,0,FP,FN,
4832,1,1,TP,-,
5618,1,1,TP,-,
7948,0,0,TP,-,
4044,1,1,TP,-,
7298,1,1,TP,-,
7647,1,0,FP,FN,
7758,0,1,FP,-,
6321,1,1,TP,-,
6690,1,1,TP,-,
5549,1,1,TP,-,
7685,1,1,TP,-,
7986,0,0,TP,-,
624,1,1,TP,-,
4807,1,1,TP,-,
4807,1,1,TP,-,
6766,1,1,TP,-,
7664,1,0,FP,FN,
5704,1,1,TP,-,
7503,1,1,TP,-,
8106,1,1,TP,-,
7551,1,1,TP,-,
7170,1,1,TP,-,
7717,1,0,FP,FN,
3321,1,1,TP,-,
8123,0,1,FP,-,
7239,0,0,TP,-,
7633,1,1,TP,-,
7776,1,0,FP,FN,
7421,1,1,TP,-,
7376,0,0,TP,-,
3652,1,0,FP,FN,
7330,1,1,TP,-,
6765,1,1,TP,-,
6685,1,1,TP,-,
7551,1,1,TP,-,
6206,1,1,TP,-,
4385,1,1,TP,-,
6885,1,1,TP,-,
7338,1,1,TP,-,
442,1,1,TP,-,
6657,0,1,FP,-,
7573,0,0,TP,-,
5232,1,1,TP,-,
4314,1,1,TP,-,
4137,1,1,TP,-,
7863,1,0,FP,FN,
7824,1,0,FP,FN,
5679,1,0,FP,FN,
1424,1,1,TP,-,
7584,0,0,TP,-,
7828,0,0,TP,-,
7600,0,0,TP,-,
7717,1,1,TP,-,
6461,1,1,TP,-,
7618,1,1,TP,-,
2897,1,1,TP,-,
5677,1,1,TP,-,
6638,1,1,TP,-,
7295,1,1,TP,-,
5447,1,1,TP,-,
3525,1,1,TP,-,
2897,1,1,TP,-,
7530,1,1,TP,-,
6582,1,0,FP,FN,
7226,1,1,TP,-,
8077,1,1,TP,-,
7873,1,1,TP,-,
7649,1,0,FP,FN,
7588,1,1,TP,-,
5933,1,1,TP,-,
7170,1,1,TP,-,
7558,1,1,TP,-,
7748,0,0,TP,-,
7626,0,0,TP,-,
6083,1,1,TP,-,
6565,1,1,TP,-,
7798,0,1,FP,-,
5704,1,1,TP,-,
4958,1,1,TP,-,
3780,1,1,TP,-,
7800,0,1,FP,-,
7618,1,1,TP,-,
7758,0,1,FP,-,
6006,1,0,FP,FN,
6205,1,1,TP,-,
6210,1,1,TP,-,
8125,1,1,TP,-,
5549,1,1,TP,-,
4807,1,1,TP,-,
6565,1,1,TP,-,
7292,1,0,FP,FN,
7647,1,0,FP,FN,
7061,1,0,FP,FN,
7699,0,0,TP,-,
7292,1,0,FP,FN,
1424,1,1,TP,-,
7635,1,0,FP,FN,
6765,1,1,TP,-,
7706,1,0,FP,FN,
7708,1,1,TP,-,
6206,1,1,TP,-,
1123,1,1,TP,-,
7694,1,1,TP,-,
7667,0,0,TP,-,
1123,1,1,TP,-,
4385,1,1,TP,-,
7663,1,1,TP,-,
3676,1,1,TP,-,
7170,1,1,TP,-,
2897,1,1,TP,-,
7376,0,0,TP,-,
5396,1,1,TP,-,
7104,1,1,TP,-,
5671,1,0,FP,FN,
4008,1,0,FP,FN,
3676,1,1,TP,-,
8088,1,1,TP,-,
8077,1,1,TP,-,
624,1,1,TP,-,
7800,1,1,TP,-,
6205,1,1,TP,-,
7994,1,1,TP,-,
6765,1,1,TP,-,
5646,1,1,TP,-,
7991,1,1,TP,-,
7663,1,1,TP,-,
849,1,1,TP,-,
7430,1,1,TP,-,
6600,1,1,TP,-,
5630,1,1,TP,-,
8083,1,1,TP,-,
5646,1,1,TP,-,
7675,1,0,FP,FN,
7617,0,0,TP,-,
7673,1,0,FP,FN,
7989,1,1,TP,-,
7168,1,1,TP,-,
7421,1,1,TP,-,
3676,1,1,TP,-,
7485,1,0,FP,FN,
7522,1,0,FP,FN,
6582,1,0,FP,FN,
7759,0,0,TP,-,
4504,1,1,TP,-,
7770,1,1,TP,-,
7663,1,1,TP,-,
7614,1,1,TP,-,
6210,1,0,FP,FN,
2451,0,0,TP,-,
7485,0,0,TP,-,
7758,0,1,FP,-,
7723,1,1,TP,-,
7846,1,1,TP,-,
4137,1,1,TP,-,
7930,0,0,TP,-,
624,1,1,TP,-,
7664,1,1,TP,-,
7080,1,1,TP,-,
5201,1,1,TP,-,
6985,0,0,TP,-,
7649,1,0,FP,FN,
7503,1,1,TP,-,
7485,1,0,FP,FN,
7775,1,0,FP,FN,
7799,0,0,TP,-,
7776,1,1,TP,-,
7885,1,1,TP,-,
6638,0,1,FP,-,
5677,1,1,TP,-,
7170,1,1,TP,-,
7974,0,0,TP,-,
8012,1,1,TP,-,
7530,1,1,TP,-,
6985,0,0,TP,-,
1419,1,1,TP,-,
7938,0,0,TP,-,
3169,1,1,TP,-,
8150,1,1,TP,-,
3326,1,1,TP,-,
4746,0,0,TP,-,
7758,0,0,TP,-,
7528,1,1,TP,-,
7774,1,1,TP,-,
7212,0,0,TP,-,
7243,0,0,TP,-,
3780,1,1,TP,-,
7706,1,0,FP,FN,
7814,1,1,TP,-,
2112,1,1,TP,-,
445,0,0,TP,-,
5905,1,0,FP,FN,
7397,0,0,TP,-,
8099,0,0,TP,-,
4137,1,1,TP,-,
7170,1,1,TP,-,
7376,0,0,TP,-,
7993,1,0,FP,FN,
7642,1,0,FP,FN,
7982,1,0,FP,FN,
8074,0,0,TP,-,
6765,1,1,TP,-,
7330,1,1,TP,-,
7765,0,0,TP,-,
5618,1,1,TP,-,
5201,1,1,TP,-,
7226,1,1,TP,-,
1424,1,1,TP,-,
854,1,1,TP,-,
7939,0,0,TP,-,
624,1,1,TP,-,
3979,1,1,TP,-,
6638,1,1,TP,-,
7708,1,1,TP,-,
5429,1,1,TP,-,
7684,0,0,TP,-,
5396,1,1,TP,-,
7519,0,0,TP,-,
6934,1,1,TP,-,
4807,1,1,TP,-,
7604,1,1,TP,-,
7462,1,0,FP,FN,
7104,1,1,TP,-,
4314,1,1,TP,-,
7775,1,0,FP,FN,
5558,1,1,TP,-,
7626,0,0,TP,-,
7971,0,0,TP,-,
6028,1,1,TP,-,
236,1,0,FP,FN,
6638,1,1,TP,-,
7395,1,1,TP,-,
7168,1,1,TP,-,
8078,1,1,TP,-,
5000,1,1,TP,-,
7607,0,0,TP,-,
3218,1,0,FP,FN,
5905,1,0,FP,FN,
7536,1,1,TP,-,
1419,1,1,TP,-,
7779,1,1,TP,-,
5232,1,1,TP,-,
7741,1,0,FP,FN,
7742,1,1,TP,-,
7938,0,0,TP,-,
6765,1,1,TP,-,
6083,1,1,TP,-,
7708,1,1,TP,-,
6213,0,0,TP,-,
7947,1,0,FP,FN,
5704,1,0,FP,FN,
7645,0,0,TP,-,
5677,1,1,TP,-,
7853,1,0,FP,FN,
7879,0,0,TP,-,
5558,1,1,TP,-,
7740,1,1,TP,-,
7170,1,1,TP,-,
7647,1,0,FP,FN,
3321,1,1,TP,-,
6821,1,0,FP,FN,
7573,1,0,FP,FN,
7571,0,0,TP,-,
5965,1,1,TP,-,
7295,1,1,TP,-,
6944,0,0,TP,-,
854,1,1,TP,-,
7937,0,0,TP,-,
6582,1,0,FP,FN,
7753,1,1,TP,-,
7586,0,0,TP,-,
5905,1,0,FP,FN,
5588,1,1,TP,-,
6061,1,0,FP,FN,
7874,1,0,FP,FN,
449,1,1,TP,-,
5232,1,1,TP,-,
3169,1,1,TP,-,
6104,1,0,FP,FN,
7190,0,0,TP,-,
5704,0,1,FP,-,
7295,1,1,TP,-,
5201,1,1,TP,-,
5558,1,1,TP,-,
442,0,1,FP,-,
7137,1,1,TP,-,
7581,1,0,FP,FN,
6349,1,0,FP,FN,
1424,1,1,TP,-,
5704,1,1,TP,-,
6427,0,0,TP,-,
7599,1,0,FP,FN,
5412,1,1,TP,-,
5027,1,1,TP,-,
7616,0,0,TP,-,
5677,1,1,TP,-,
7338,1,1,TP,-,
3318,1,1,TP,-,
7833,0,0,TP,-,
7484,1,0,FP,FN,
7839,1,0,FP,FN,
7810,0,0,TP,-,
4958,1,1,TP,-,
5965,1,1,TP,-,
7614,1,1,TP,-,
7873,1,1,TP,-,
7617,0,0,TP,-,
7298,1,1,TP,-,
6206,1,1,TP,-,
3326,1,1,TP,-,
5965,1,1,TP,-,
7312,1,1,TP,-,
7530,1,1,TP,-,
7901,0,0,TP,-,
5588,1,0,FP,FN,
2897,1,1,TP,-,
6978,1,1,TP,-,
854,1,1,TP,-,
7167,1,0,FP,FN,
7759,1,1,TP,-,
7168,1,1,TP,-,
5671,1,0,FP,FN,
7503,0,1,FP,-,
7457,1,0,FP,FN,
7694,1,1,TP,-,
7190,0,0,TP,-,
7836,1,0,FP,FN,
7741,1,0,FP,FN,
7947,1,0,FP,FN,
2233,1,0,FP,FN,
214,1,1,TP,-,
6083,1,1,TP,-,
4746,1,1,TP,-,
7591,0,0,TP,-,
5412,1,1,TP,-,
5644,1,1,TP,-,
7330,1,1,TP,-,
7551,1,1,TP,-,
5447,1,1,TP,-,
7593,1,1,TP,-,
7644,0,0,TP,-,
5412,1,1,TP,-,
7909,1,1,TP,-,
7137,1,1,TP,-,
2451,0,0,TP,-,
7778,0,0,TP,-,
7804,1,1,TP,-,
7766,0,1,FP,-,
5412,1,1,TP,-,
3676,1,1,TP,-,
6014,1,1,TP,-,
5412,1,1,TP,-,
6985,0,0,TP,-,
7593,1,0,FP,FN,
8071,1,1,TP,-,
7780,0,0,TP,-,
8125,1,1,TP,-,
7269,1,1,TP,-,
7376,0,0,TP,-,
7638,1,0,FP,FN,
7558,1,0,FP,FN,
1419,1,1,TP,-,
366,1,1,TP,-,
7691,1,0,FP,FN,
7849,1,1,TP,-,
7818,1,1,TP,-,
5139,1,1,TP,-,
854,1,1,TP,-,
8091,1,1,TP,-,
3890,1,1,TP,-,
5139,1,1,TP,-,
854,1,1,TP,-,
8065,0,0,TP,-,
6885,1,1,TP,-,
2522,1,1,TP,-,
7996,1,1,TP,-,
7421,1,1,TP,-,
7259,1,1,TP,-,
7758,0,1,FP,-,
3169,1,1,TP,-,
7395,1,1,TP,-,
7551,1,1,TP,-,
7137,1,1,TP,-,
7190,0,0,TP,-,
6206,1,1,TP,-,
7608,0,0,TP,-,
7873,1,1,TP,-,
7770,1,1,TP,-,
6472,1,0,FP,FN,
5447,1,1,TP,-,
4775,1,1,TP,-,
5396,1,1,TP,-,
7937,0,0,TP,-,
7503,1,0,FP,FN,
5396,1,1,TP,-,
6978,1,1,TP,-,
7989,1,1,TP,-,
7259,1,1,TP,-,
8033,1,0,FP,FN,
5027,1,1,TP,-,
7984,1,1,TP,-,
7633,1,1,TP,-,
7828,1,0,FP,FN,
7914,1,1,TP,-,
849,1,1,TP,-,
7740,1,1,TP,-,
7503,1,1,TP,-,
7503,1,1,TP,-,
3652,1,1,TP,-,
8034,1,0,FP,FN,
366,1,1,TP,-,
5965,1,1,TP,-,
7655,1,0,FP,FN,
7907,1,1,TP,-,
1424,1,1,TP,-,
7657,0,0,TP,-,
6765,1,1,TP,-,
6682,1,1,TP,-,
7407,1,1,TP,-,
7711,0,0,TP,-,
7869,1,1,TP,-,
7783,1,1,TP,-,
7586,0,0,TP,-,
7397,0,0,TP,-,
4314,1,1,TP,-,
5232,1,1,TP,-,
4514,1,1,TP,-,
7298,1,1,TP,-,
7259,1,1,TP,-,
7005,0,0,TP,-,
6349,1,0,FP,FN,
7963,1,1,TP,-,
7269,1,1,TP,-,
7080,1,1,TP,-,
5646,1,1,TP,-,
7664,1,1,TP,-,
1123,1,1,TP,-,
3780,1,1,TP,-,
7989,0,1,FP,-,
4137,1,1,TP,-,
1424,1,1,TP,-,
4366,1,0,FP,FN,
5965,1,1,TP,-,
6203,1,1,TP,-,
4832,1,1,TP,-,
6104,1,0,FP,FN,
214,1,1,TP,-,
5933,1,1,TP,-,
4514,1,1,TP,-,
7276,1,0,FP,FN,
6839,1,1,TP,-,
3960,1,0,FP,FN,
6582,1,1,TP,-,
7695,1,0,FP,FN,
7168,1,1,TP,-,
214,1,1,TP,-,
3318,1,1,TP,-,
624,1,1,TP,-,
2897,1,1,TP,-,
7583,0,0,TP,-,
7655,1,0,FP,FN,
3890,1,1,TP,-,
3979,1,1,TP,-,
7959,0,0,TP,-,
3979,1,1,TP,-,
4044,1,1,TP,-,
6582,0,0,TP,-,
4514,1,1,TP,-,
7707,0,0,TP,-,
8088,1,1,TP,-,
6877,1,1,TP,-,
7430,1,1,TP,-,
5679,1,1,TP,-,
8007,1,1,TP,-,
7614,1,1,TP,-,
7959,0,0,TP,-,
7613,0,0,TP,-,
7675,1,0,FP,FN,
1424,1,1,TP,-,
214,1,1,TP,-,
6832,1,1,TP,-,
2112,1,1,TP,-,
4832,1,1,TP,-,
6654,0,1,FP,-,
5181,1,1,TP,-,
2897,1,1,TP,-,
7530,1,1,TP,-,
1269,1,1,TP,-,
7818,1,1,TP,-,
5902,0,0,TP,-,
7723,1,1,TP,-,
7627,1,0,FP,FN,
6321,1,1,TP,-,
4458,0,0,TP,-,
3525,1,1,TP,-,
7619,1,0,FP,FN,
6504,1,1,TP,-,
7845,1,1,TP,-,
7558,1,1,TP,-,
7259,1,1,TP,-,
6658,0,0,TP,-,
6205,1,1,TP,-,
7779,1,1,TP,-,
5704,1,1,TP,-,
5396,1,1,TP,-,
7542,1,1,TP,-,
7593,1,1,TP,-,
8093,0,0,TP,-,
7888,1,0,FP,FN,
7312,1,1,TP,-,
7942,1,1,TP,-,
7338,1,1,TP,-,
7851,1,0,FP,FN,
7755,1,1,TP,-,
7633,1,1,TP,-,
5644,1,1,TP,-,
7813,0,1,FP,-,
7804,1,1,TP,-,
5412,1,1,TP,-,
449,1,1,TP,-,
8085,1,0,FP,FN,
7632,1,1,TP,-,
1424,1,1,TP,-,
5588,1,1,TP,-,
449,1,1,TP,-,
5506,0,0,TP,-,
7378,1,1,TP,-,
7526,1,0,FP,FN,
7061,1,1,TP,-,
7959,0,0,TP,-,
7815,1,1,TP,-,
7588,1,0,FP,FN,
6685,1,1,TP,-,
7754,1,1,TP,-,
6582,1,1,TP,-,
7604,1,1,TP,-,
3780,1,1,TP,-,
7901,0,0,TP,-,
8020,1,1,TP,-,
8106,1,1,TP,-,
4385,1,1,TP,-,
7633,1,1,TP,-,
7673,1,0,FP,FN,
7593,1,1,TP,-,
5965,1,1,TP,-,
5558,1,1,TP,-,
7312,1,0,FP,FN,
90,1,0,FP,FN,
6206,1,1,TP,-,
6985,0,0,TP,-,
6028,1,1,TP,-,
6958,0,0,TP,-,
7771,0,0,TP,-,
7906,1,0,FP,FN,
6685,1,1,TP,-,
7779,1,1,TP,-,
854,1,1,TP,-,
3326,1,1,TP,-,
7770,1,1,TP,-,
1419,1,1,TP,-,
7586,0,0,TP,-,
7723,1,1,TP,-,
6849,1,0,FP,FN,
7269,1,1,TP,-,
6203,1,1,TP,-,
7604,1,1,TP,-,
5181,1,1,TP,-,
4385,1,1,TP,-,
7505,1,1,TP,-,
7717,1,0,FP,FN,
7699,1,1,TP,-,
7755,1,1,TP,-,
3525,1,1,TP,-,
6832,1,1,TP,-,
8011,1,1,TP,-,
7748,0,0,TP,-,
7709,0,0,TP,-,
6682,1,1,TP,-,
7618,1,1,TP,-,
7723,1,1,TP,-,
6210,1,1,TP,-,
7805,0,0,TP,-,
7883,1,0,FP,FN,
7551,1,1,TP,-,
6918,0,0,TP,-,
7699,1,1,TP,-,
7542,1,1,TP,-,
7558,1,1,TP,-,
7661,1,0,FP,FN,
8112,0,1,FP,-,
7331,1,0,FP,FN,
7421,1,1,TP,-,
6203,1,1,TP,-,
5232,1,1,TP,-,
7545,1,1,TP,-,
2897,1,1,TP,-,
7221,1,1,TP,-,
5027,1,1,TP,-,
7680,0,0,TP,-,
5933,1,1,TP,-,
7849,1,1,TP,-,
7880,1,0,FP,FN,
7984,1,1,TP,-,
7791,1,1,TP,-,
7503,0,1,FP,-,
4137,1,1,TP,-,
7753,1,0,FP,FN,
8049,1,1,TP,-,
7914,1,1,TP,-,
7190,0,0,TP,-,
5646,1,1,TP,-,
7737,0,1,FP,-,
8020,1,1,TP,-,
6690,1,1,TP,-,
7920,0,0,TP,-,
7592,0,0,TP,-,
7485,1,0,FP,FN,
7717,1,1,TP,-,
854,1,1,TP,-,
7558,1,1,TP,-,
7801,1,1,TP,-,
7846,1,1,TP,-,
5965,1,1,TP,-,
7168,1,1,TP,-,
4775,1,1,TP,-,
7259,1,1,TP,-,
5549,1,1,TP,-,
7742,1,1,TP,-,
5677,1,1,TP,-,
7557,0,0,TP,-,
7748,0,0,TP,-,
7530,1,1,TP,-,
7519,0,0,TP,-,
3960,1,0,FP,FN,
6321,0,0,TP,-,
5644,1,1,TP,-,
7717,1,1,TP,-,
8024,0,0,TP,-,
7920,0,0,TP,-,
7137,1,1,TP,-,
7588,1,0,FP,FN,
7551,1,1,TP,-,
6682,1,1,TP,-,
5905,1,0,FP,FN,
7896,1,1,TP,-,
4514,1,1,TP,-,
7545,1,1,TP,-,
8117,1,1,TP,-,
7994,1,1,TP,-,
7776,1,0,FP,FN,
4832,1,1,TP,-,
8101,0,1,FP,-,
6766,1,1,TP,-,
3169,1,1,TP,-,
5588,1,1,TP,-,
1419,1,1,TP,-,
7298,1,1,TP,-,
7976,0,0,TP,-,
5139,1,1,TP,-,
7637,0,0,TP,-,
7545,1,1,TP,-,
366,1,1,TP,-,
7338,1,1,TP,-,
4832,1,1,TP,-,
7558,1,1,TP,-,
5646,1,1,TP,-,
7338,1,1,TP,-,
7627,1,0,FP,FN,
7558,1,1,TP,-,
6028,1,1,TP,-,
7259,1,1,TP,-,
4514,1,1,TP,-,
6205,1,1,TP,-,
7542,1,1,TP,-,
7986,0,0,TP,-,
5677,1,1,TP,-,
5429,1,1,TP,-,
7593,1,1,TP,-,
7774,0,1,FP,-,
7633,1,1,TP,-,
7800,1,1,TP,-,
7708,1,1,TP,-,
7686,1,0,FP,FN,
6934,1,1,TP,-,
7519,1,0,FP,FN,
7057,1,1,TP,-,
7731,1,1,TP,-,
7137,1,1,TP,-,
7671,0,0,TP,-,
7545,1,1,TP,-,
7976,0,0,TP,-,
6504,1,1,TP,-,
3326,1,1,TP,-,
8017,0,0,TP,-,
6582,1,1,TP,-,
6083,1,1,TP,-,
7295,1,1,TP,-,
7137,1,1,TP,-,
7137,1,1,TP,-,
7428,1,1,TP,-,
7684,0,0,TP,-,
8068,1,1,TP,-,
6766,1,1,TP,-,
5181,1,1,TP,-,
7392,1,0,FP,FN,
7536,1,1,TP,-,
6766,1,1,TP,-,
445,0,0,TP,-,
7632,1,1,TP,-,
5965,1,1,TP,-,
7937,0,0,TP,-,
8059,0,0,TP,-,
6014,1,1,TP,-,
3960,1,0,FP,FN,
8095,1,0,FP,FN,
7800,1,1,TP,-,
7221,0,1,FP,-,
4137,1,1,TP,-,
7942,1,1,TP,-,
7643,0,0,TP,-,
6766,1,1,TP,-,
3676,1,1,TP,-,
7977,0,1,FP,-,
6206,1,1,TP,-,
7982,0,0,TP,-,
7848,1,1,TP,-,
8034,0,0,TP,-,
6682,1,1,TP,-,
7770,1,1,TP,-,
7747,0,0,TP,-,
849,1,1,TP,-,
3827,1,1,TP,-,
2897,1,1,TP,-,
7588,1,0,FP,FN,
4044,1,1,TP,-,
7818,1,1,TP,-,
1419,1,1,TP,-,
7655,1,1,TP,-,
8104,0,0,TP,-,
7604,1,1,TP,-,
7618,1,1,TP,-,
5139,1,0,FP,FN,
5412,1,1,TP,-,
7338,1,1,TP,-,
7627,0,0,TP,-,
6205,1,1,TP,-,
7604,1,1,TP,-,
6654,0,1,FP,-,
4287,1,0,FP,FN,
854,1,1,TP,-,
5280,1,1,TP,-,
7773,1,1,TP,-,
7880,1,0,FP,FN,
5232,1,1,TP,-,
7717,1,0,FP,FN,
7732,1,0,FP,FN,
6690,1,1,TP,-,
5280,1,1,TP,-,
6203,1,1,TP,-,
7057,1,1,TP,-,
6206,1,1,TP,-,
7834,1,1,TP,-,
881,1,0,FP,FN,
7536,1,1,TP,-,
8129,1,1,TP,-,
7627,1,0,FP,FN,
849,1,1,TP,-,
7775,0,0,TP,-,
7996,1,1,TP,-,
6839,1,1,TP,-,
3676,1,1,TP,-,
6958,0,0,TP,-,
8077,1,1,TP,-,
2233,0,0,TP,-,
7655,1,1,TP,-,
7685,1,1,TP,-,
5280,1,1,TP,-,
7542,1,1,TP,-,
7685,1,1,TP,-,
7667,0,0,TP,-,
3321,1,1,TP,-,
7846,1,1,TP,-,
1123,1,1,TP,-,
6600,1,1,TP,-,
6839,1,1,TP,-,
3160,1,1,TP,-,
7338,1,1,TP,-,
7775,1,0,FP,FN,
7994,1,1,TP,-,
1424,1,1,TP,-,
8151,1,1,TP,-,
7632,1,1,TP,-,
1269,1,1,TP,-,
8039,0,0,TP,-,
7245,1,0,FP,FN,
6028,1,1,TP,-,
6985,0,0,TP,-,
7421,1,0,FP,FN,
7584,0,0,TP,-,
7920,0,0,TP,-,
6685,1,1,TP,-,
7697,1,0,FP,FN,
7269,1,1,TP,-,
4958,1,1,TP,-,
7243,0,0,TP,-,
7923,1,0,FP,FN,
3780,1,1,TP,-,
7775,1,0,FP,FN,
7485,1,0,FP,FN,
6567,1,0,FP,FN,
5679,1,1,TP,-,
7779,1,1,TP,-,
5737,0,0,TP,-,
7658,0,0,TP,-,
6821,1,1,TP,-,
4137,1,1,TP,-,
4366,1,0,FP,FN,
7634,1,0,FP,FN,
6427,0,0,TP,-,
7519,0,0,TP,-,
6565,1,1,TP,-,
7584,0,0,TP,-,
7885,1,1,TP,-,
7588,1,0,FP,FN,
1269,1,1,TP,-,
4504,0,1,FP,-,
5618,1,1,TP,-,
6765,1,1,TP,-,
7814,1,1,TP,-,
366,1,1,TP,-,
7633,1,1,TP,-,
6638,1,1,TP,-,
3780,1,1,TP,-,
449,1,1,TP,-,
2897,1,1,TP,-,
7815,1,1,TP,-,
7376,0,0,TP,-,
4314,1,1,TP,-,
5549,1,1,TP,-,
4314,1,1,TP,-,
5646,1,1,TP,-,
7407,1,0,FP,FN,
449,1,1,TP,-,
7847,0,0,TP,-,
5558,1,1,TP,-,
7536,1,1,TP,-,
7428,1,1,TP,-,
7949,0,0,TP,-,
8141,1,1,TP,-,
7430,1,0,FP,FN,
7963,1,1,TP,-,
236,1,0,FP,FN,
6934,1,1,TP,-,
4504,0,1,FP,-,
2522,1,1,TP,-,
366,1,1,TP,-,
5558,1,1,TP,-,
7190,0,0,TP,-,
5506,0,0,TP,-,
7909,1,1,TP,-,
5965,1,1,TP,-,
6504,1,1,TP,-,
7505,1,1,TP,-,
8027,1,0,FP,FN,
7530,1,1,TP,-,
236,1,1,TP,-,
2112,1,0,FP,FN,
2112,1,1,TP,-,
7669,1,0,FP,FN,
5506,0,0,TP,-,
7862,0,0,TP,-,
8036,1,1,TP,-,
4314,1,1,TP,-,
5965,1,1,TP,-,
366,1,1,TP,-,
7823,1,0,FP,FN,
7869,1,1,TP,-,
7584,0,0,TP,-,
624,1,1,TP,-,
7685,1,1,TP,-,
7555,1,0,FP,FN,
7137,1,1,TP,-,
7649,1,0,FP,FN,
7880,1,0,FP,FN,
4137,1,1,TP,-,
1123,1,1,TP,-,
6944,0,0,TP,-,
6321,0,0,TP,-,
6821,1,1,TP,-,
6927,1,0,FP,FN,
7298,1,1,TP,-,
7057,1,1,TP,-,
4775,1,1,TP,-,
5412,1,1,TP,-,
7573,0,0,TP,-,
7828,1,0,FP,FN,
7312,1,0,FP,FN,
5181,1,1,TP,-,
6206,1,1,TP,-,
5412,1,1,TP,-,
2522,1,1,TP,-,
8069,1,1,TP,-,
6657,1,1,TP,-,
7269,1,1,TP,-,
1424,1,1,TP,-,
7536,1,1,TP,-,
7272,1,0,FP,FN,
6918,1,0,FP,FN,
7519,1,0,FP,FN,
6349,1,0,FP,FN,
7137,1,1,TP,-,
3960,1,0,FP,FN,
6658,0,0,TP,-,
3321,1,1,TP,-,
7839,1,1,TP,-,
4044,0,0,TP,-,
7907,1,1,TP,-,
7057,1,0,FP,FN,
1123,1,1,TP,-,
7331,1,0,FP,FN,
5000,1,1,TP,-,
7633,1,1,TP,-,
4314,1,1,TP,-,
7407,1,1,TP,-,
,0,,4158,611,
,0,,4055,,
,,precision,0.506270547,0.871880897,recall
,,,,0.640579264,f1 score
